State,$,TOK_INT,TOK_SHORT,TOK_FLOAT,TOK_CHAR,TOK_VOID,TOK_BOOL,TOK_BOOLEAN,TOK_STRUCT,TOK_INT8_T,TOK_INT16_T,TOK_INT32_T,TOK_INT64_T,TOK_SIGNED,TOK_UNSIGNED,TOK_EXTERN,TOK_STATIC,TOK_IF <val>,TOK_ELSE <val>,TOK_FOR,TOK_WHILE,TOK_REPEAT,TOK_UNTIL,TOK_SWITCH,TOK_CASE,TOK_DEFAULT,TOK_BREAK,TOK_CONTINUE,TOK_RETURN,TOK_SIZEOF,TOK_BEGIN,TOK_END,TOK_TRUE,TOK_FALSE,TOK_IDENTIFIER,TOK_INTEGER,TOK_FLOAT_LIT,TOK_CHAR_LIT,TOK_STRING_LIT,TOK_PLUS,TOK_MINUS,TOK_MULT,TOK_DIV,TOK_MOD,TOK_ASSIGN,TOK_EQ,TOK_NE,TOK_LT,TOK_LE,TOK_GT,TOK_GE,TOK_SPACESHIP,TOK_AND,TOK_OR,TOK_NOT,TOK_BITOR,TOK_XOR,TOK_BITNOT,TOK_LSHIFT,TOK_RSHIFT,TOK_INC,TOK_DEC,TOK_PLUSEQ,TOK_MINUSEQ,TOK_MULTEQ,TOK_DIVEQ,TOK_MODEQ,TOK_ARROW,TOK_AMP,TOK_STAR,TOK_LPAREN,TOK_RPAREN,TOK_LBRACKET,TOK_RBRACKET,TOK_SEMICOLON,TOK_COMMA,TOK_DOT,TOK_COLON
0,,s1,s2,s3,s4,s5,s6,s7,s8,s9,s10,s11,s12,s13,s14,s15,s16,,,,,,,,,,,,,,,,,,,,,,,,,,,,,,,,,,,,,,,,,,,,,,,,,,,,,,,,,,,,,
1,r93,r93,r93,r93,r93,r93,r93,r93,r93,r93,r93,r93,r93,r93,r93,r93,r93,r93,r93,r93,r93,r93,r93,r93,r93,r93,r93,r93,r93,r93,r93,r93,r93,r93,r93,r93,r93,r93,r93,r93,r93,r93,r93,r93,r93,r93,r93,r93,r93,r93,r93,r93,r93,r93,r93,r93,r93,r93,r93,r93,r93,r93,r93,r93,r93,r93,r93,r93,r93,r93,r93,r93,r93,r93,r93,r93,r93,r93
2,r92,r92,r92,r92,r92,r92,r92,r92,r92,r92,r92,r92,r92,r92,r92,r92,r92,r92,r92,r92,r92,r92,r92,r92,r92,r92,r92,r92,r92,r92,r92,r92,r92,r92,r92,r92,r92,r92,r92,r92,r92,r92,r92,r92,r92,r92,r92,r92,r92,r92,r92,r92,r92,r92,r92,r92,r92,r92,r92,r92,r92,r92,r92,r92,r92,r92,r92,r92,r92,r92,r92,r92,r92,r92,r92,r92,r92,r92
3,r94,r94,r94,r94,r94,r94,r94,r94,r94,r94,r94,r94,r94,r94,r94,r94,r94,r94,r94,r94,r94,r94,r94,r94,r94,r94,r94,r94,r94,r94,r94,r94,r94,r94,r94,r94,r94,r94,r94,r94,r94,r94,r94,r94,r94,r94,r94,r94,r94,r94,r94,r94,r94,r94,r94,r94,r94,r94,r94,r94,r94,r94,r94,r94,r94,r94,r94,r94,r94,r94,r94,r94,r94,r94,r94,r94,r94,r94
4,r91,r91,r91,r91,r91,r91,r91,r91,r91,r91,r91,r91,r91,r91,r91,r91,r91,r91,r91,r91,r91,r91,r91,r91,r91,r91,r91,r91,r91,r91,r91,r91,r91,r91,r91,r91,r91,r91,r91,r91,r91,r91,r91,r91,r91,r91,r91,r91,r91,r91,r91,r91,r91,r91,r91,r91,r91,r91,r91,r91,r91,r91,r91,r91,r91,r91,r91,r91,r91,r91,r91,r91,r91,r91,r91,r91,r91,r91
5,r90,r90,r90,r90,r90,r90,r90,r90,r90,r90,r90,r90,r90,r90,r90,r90,r90,r90,r90,r90,r90,r90,r90,r90,r90,r90,r90,r90,r90,r90,r90,r90,r90,r90,r90,r90,r90,r90,r90,r90,r90,r90,r90,r90,r90,r90,r90,r90,r90,r90,r90,r90,r90,r90,r90,r90,r90,r90,r90,r90,r90,r90,r90,r90,r90,r90,r90,r90,r90,r90,r90,r90,r90,r90,r90,r90,r90,r90
6,r95,r95,r95,r95,r95,r95,r95,r95,r95,r95,r95,r95,r95,r95,r95,r95,r95,r95,r95,r95,r95,r95,r95,r95,r95,r95,r95,r95,r95,r95,r95,r95,r95,r95,r95,r95,r95,r95,r95,r95,r95,r95,r95,r95,r95,r95,r95,r95,r95,r95,r95,r95,r95,r95,r95,r95,r95,r95,r95,r95,r95,r95,r95,r95,r95,r95,r95,r95,r95,r95,r95,r95,r95,r95,r95,r95,r95,r95
7,r96,r96,r96,r96,r96,r96,r96,r96,r96,r96,r96,r96,r96,r96,r96,r96,r96,r96,r96,r96,r96,r96,r96,r96,r96,r96,r96,r96,r96,r96,r96,r96,r96,r96,r96,r96,r96,r96,r96,r96,r96,r96,r96,r96,r96,r96,r96,r96,r96,r96,r96,r96,r96,r96,r96,r96,r96,r96,r96,r96,r96,r96,r96,r96,r96,r96,r96,r96,r96,r96,r96,r96,r96,r96,r96,r96,r96,r96
8,,,,,,,,,,,,,,,,,,,,,,,,,,,,,,,,,,,s25,,,,,,,,,,,,,,,,,,,,,,,,,,,,,,,,,,,,,,,,,,,
9,r97,r97,r97,r97,r97,r97,r97,r97,r97,r97,r97,r97,r97,r97,r97,r97,r97,r97,r97,r97,r97,r97,r97,r97,r97,r97,r97,r97,r97,r97,r97,r97,r97,r97,r97,r97,r97,r97,r97,r97,r97,r97,r97,r97,r97,r97,r97,r97,r97,r97,r97,r97,r97,r97,r97,r97,r97,r97,r97,r97,r97,r97,r97,r97,r97,r97,r97,r97,r97,r97,r97,r97,r97,r97,r97,r97,r97,r97
10,r98,r98,r98,r98,r98,r98,r98,r98,r98,r98,r98,r98,r98,r98,r98,r98,r98,r98,r98,r98,r98,r98,r98,r98,r98,r98,r98,r98,r98,r98,r98,r98,r98,r98,r98,r98,r98,r98,r98,r98,r98,r98,r98,r98,r98,r98,r98,r98,r98,r98,r98,r98,r98,r98,r98,r98,r98,r98,r98,r98,r98,r98,r98,r98,r98,r98,r98,r98,r98,r98,r98,r98,r98,r98,r98,r98,r98,r98
11,r99,r99,r99,r99,r99,r99,r99,r99,r99,r99,r99,r99,r99,r99,r99,r99,r99,r99,r99,r99,r99,r99,r99,r99,r99,r99,r99,r99,r99,r99,r99,r99,r99,r99,r99,r99,r99,r99,r99,r99,r99,r99,r99,r99,r99,r99,r99,r99,r99,r99,r99,r99,r99,r99,r99,r99,r99,r99,r99,r99,r99,r99,r99,r99,r99,r99,r99,r99,r99,r99,r99,r99,r99,r99,r99,r99,r99,r99
12,r100,r100,r100,r100,r100,r100,r100,r100,r100,r100,r100,r100,r100,r100,r100,r100,r100,r100,r100,r100,r100,r100,r100,r100,r100,r100,r100,r100,r100,r100,r100,r100,r100,r100,r100,r100,r100,r100,r100,r100,r100,r100,r100,r100,r100,r100,r100,r100,r100,r100,r100,r100,r100,r100,r100,r100,r100,r100,r100,r100,r100,r100,r100,r100,r100,r100,r100,r100,r100,r100,r100,r100,r100,r100,r100,r100,r100,r100
13,r101,r101,r101,r101,r101,r101,r101,r101,r101,r101,r101,r101,r101,r101,r101,r101,r101,r101,r101,r101,r101,r101,r101,r101,r101,r101,r101,r101,r101,r101,r101,r101,r101,r101,r101,r101,r101,r101,r101,r101,r101,r101,r101,r101,r101,r101,r101,r101,r101,r101,r101,r101,r101,r101,r101,r101,r101,r101,r101,r101,r101,r101,r101,r101,r101,r101,r101,r101,r101,r101,r101,r101,r101,r101,r101,r101,r101,r101
14,r102,r102,r102,r102,r102,r102,r102,r102,r102,r102,r102,r102,r102,r102,r102,r102,r102,r102,r102,r102,r102,r102,r102,r102,r102,r102,r102,r102,r102,r102,r102,r102,r102,r102,r102,r102,r102,r102,r102,r102,r102,r102,r102,r102,r102,r102,r102,r102,r102,r102,r102,r102,r102,r102,r102,r102,r102,r102,r102,r102,r102,r102,r102,r102,r102,r102,r102,r102,r102,r102,r102,r102,r102,r102,r102,r102,r102,r102
15,r88,r88,r88,r88,r88,r88,r88,r88,r88,r88,r88,r88,r88,r88,r88,r88,r88,r88,r88,r88,r88,r88,r88,r88,r88,r88,r88,r88,r88,r88,r88,r88,r88,r88,r88,r88,r88,r88,r88,r88,r88,r88,r88,r88,r88,r88,r88,r88,r88,r88,r88,r88,r88,r88,r88,r88,r88,r88,r88,r88,r88,r88,r88,r88,r88,r88,r88,r88,r88,r88,r88,r88,r88,r88,r88,r88,r88,r88
16,r89,r89,r89,r89,r89,r89,r89,r89,r89,r89,r89,r89,r89,r89,r89,r89,r89,r89,r89,r89,r89,r89,r89,r89,r89,r89,r89,r89,r89,r89,r89,r89,r89,r89,r89,r89,r89,r89,r89,r89,r89,r89,r89,r89,r89,r89,r89,r89,r89,r89,r89,r89,r89,r89,r89,r89,r89,r89,r89,r89,r89,r89,r89,r89,r89,r89,r89,r89,r89,r89,r89,r89,r89,r89,r89,r89,r89,r89
17,r206,r206,r206,r206,r206,r206,r206,r206,r206,r206,r206,r206,r206,r206,r206,r206,r206,r206,r206,r206,r206,r206,r206,r206,r206,r206,r206,r206,r206,r206,r206,r206,r206,r206,r206,r206,r206,r206,r206,r206,r206,r206,r206,r206,r206,r206,r206,r206,r206,r206,r206,r206,r206,r206,r206,r206,r206,r206,r206,r206,r206,r206,r206,r206,r206,r206,r206,r206,r206,r206,r206,r206,r206,r206,r206,r206,r206,r206
18,,,,,,,,,,,,,,,,,,,,,,,,,,,,,,,,,,,s26,,,,,,,,,,,,,,,,,,,,,,,,,,,,,,,,,,,s27,s28,,,,s29,,,
19,r81,s1,s2,s3,s4,s5,s6,s7,s8,s9,s10,s11,s12,s13,s14,s15,s16,r81,r81,r81,r81,r81,r81,r81,r81,r81,r81,r81,r81,r81,r81,r81,r81,r81,r81,r81,r81,r81,r81,r81,r81,r81,r81,r81,r81,r81,r81,r81,r81,r81,r81,r81,r81,r81,r81,r81,r81,r81,r81,r81,r81,r81,r81,r81,r81,r81,r81,r81,r81,r81,r81,r81,r81,r81,r81,r81,r81,r81
20,r83,s1,s2,s3,s4,s5,s6,s7,s8,s9,s10,s11,s12,s13,s14,s15,s16,r83,r83,r83,r83,r83,r83,r83,r83,r83,r83,r83,r83,r83,r83,r83,r83,r83,r83,r83,r83,r83,r83,r83,r83,r83,r83,r83,r83,r83,r83,r83,r83,r83,r83,r83,r83,r83,r83,r83,r83,r83,r83,r83,r83,r83,r83,r83,r83,r83,r83,r83,r83,r83,r83,r83,r83,r83,r83,r83,r83,r83
21,r103,r103,r103,r103,r103,r103,r103,r103,r103,r103,r103,r103,r103,r103,r103,r103,r103,r103,r103,r103,r103,r103,r103,r103,r103,r103,r103,r103,r103,r103,r103,r103,r103,r103,r103,r103,r103,r103,r103,r103,r103,r103,r103,r103,r103,r103,r103,r103,r103,r103,r103,r103,r103,r103,r103,r103,r103,r103,r103,r103,r103,r103,r103,r103,r103,r103,r103,r103,r103,r103,r103,r103,r103,r103,r103,r103,r103,r103
22,s37,s1,s2,s3,s4,s5,s6,s7,s8,s9,s10,s11,s12,s13,s14,s15,s16,,,,,,,,,,,,,,,,,,,,,,,,,,,,,,,,,,,,,,,,,,,,,,,,,,,,,,,,,,,,,
23,r203,r203,r203,r203,r203,r203,r203,r203,r203,r203,r203,r203,r203,r203,r203,r203,r203,r203,r203,r203,r203,r203,r203,r203,r203,r203,r203,r203,r203,r203,r203,r203,r203,r203,r203,r203,r203,r203,r203,r203,r203,r203,r203,r203,r203,r203,r203,r203,r203,r203,r203,r203,r203,r203,r203,r203,r203,r203,r203,r203,r203,r203,r203,r203,r203,r203,r203,r203,r203,r203,r203,r203,r203,r203,r203,r203,r203,r203
24,r205,r205,r205,r205,r205,r205,r205,r205,r205,r205,r205,r205,r205,r205,r205,r205,r205,r205,r205,r205,r205,r205,r205,r205,r205,r205,r205,r205,r205,r205,r205,r205,r205,r205,r205,r205,r205,r205,r205,r205,r205,r205,r205,r205,r205,r205,r205,r205,r205,r205,r205,r205,r205,r205,r205,r205,r205,r205,r205,r205,r205,r205,r205,r205,r205,r205,r205,r205,r205,r205,r205,r205,r205,r205,r205,r205,r205,r205
25,r105,r105,r105,r105,r105,r105,r105,r105,r105,r105,r105,r105,r105,r105,r105,r105,r105,r105,r105,r105,r105,r105,r105,r105,r105,r105,r105,r105,r105,r105,s39,r105,r105,r105,r105,r105,r105,r105,r105,r105,r105,r105,r105,r105,r105,r105,r105,r105,r105,r105,r105,r105,r105,r105,r105,r105,r105,r105,r105,r105,r105,r105,r105,r105,r105,r105,r105,r105,r105,r105,r105,r105,r105,r105,r105,r105,r105,r105
26,r119,r119,r119,r119,r119,r119,r119,r119,r119,r119,r119,r119,r119,r119,r119,r119,r119,r119,r119,r119,r119,r119,r119,r119,r119,r119,r119,r119,r119,r119,r119,r119,r119,r119,r119,r119,r119,r119,r119,r119,r119,r119,r119,r119,r119,r119,r119,r119,r119,r119,r119,r119,r119,r119,r119,r119,r119,r119,r119,r119,r119,r119,r119,r119,r119,r119,r119,r119,r119,r119,r119,r119,r119,r119,r119,r119,r119,r119
27,r127,r127,r127,r127,r127,r127,r127,r127,r127,r127,r127,r127,r127,r127,r127,r127,r127,r127,r127,r127,r127,r127,r127,r127,r127,r127,r127,r127,r127,r127,r127,r127,r127,r127,r127,r127,r127,r127,r127,r127,r127,r127,r127,r127,r127,r127,r127,r127,r127,r127,r127,r127,r127,r127,r127,r127,r127,r127,r127,r127,r127,r127,r127,r127,r127,r127,r127,r127,r127,s27,r127,r127,r127,r127,r127,r127,r127,r127
28,,,,,,,,,,,,,,,,,,,,,,,,,,,,,,,,,,,s26,,,,,,,,,,,,,,,,,,,,,,,,,,,,,,,,,,,s27,s28,,,,,,,
29,r78,r78,r78,r78,r78,r78,r78,r78,r78,r78,r78,r78,r78,r78,r78,r78,r78,r78,r78,r78,r78,r78,r78,r78,r78,r78,r78,r78,r78,r78,r78,r78,r78,r78,r78,r78,r78,r78,r78,r78,r78,r78,r78,r78,r78,r78,r78,r78,r78,r78,r78,r78,r78,r78,r78,r78,r78,r78,r78,r78,r78,r78,r78,r78,r78,r78,r78,r78,r78,r78,r78,r78,r78,r78,r78,r78,r78,r78
30,,,,,,,,,,,,,,,,,,,,,,,,,,,,,,,,,,,,,,,,,,,,,,,,,,,,,,,,,,,,,,,,,,,,,,,,,,,s42,s43,,
31,r84,r84,r84,r84,r84,r84,r84,r84,r84,r84,r84,r84,r84,r84,r84,r84,r84,r84,r84,r84,r84,r84,r84,r84,r84,r84,r84,r84,r84,r84,r84,r84,r84,r84,r84,r84,r84,r84,r84,r84,r84,r84,r84,r84,r84,r84,r84,r84,r84,r84,r84,r84,r84,r84,r84,r84,r84,r84,r84,r84,r84,r84,r84,r84,r84,r84,r84,r84,r84,r84,r84,r84,r84,r84,r84,r84,r84,r84
32,r87,s1,s2,s3,s4,s5,s6,s7,s8,s9,s10,s11,s12,s13,s14,s15,s16,r87,r87,r87,r87,r87,r87,r87,r87,r87,r87,r87,r87,r87,s44,r87,r87,r87,r87,r87,r87,r87,r87,r87,r87,r87,r87,r87,s45,r87,r87,r87,r87,r87,r87,r87,r87,r87,r87,r87,r87,r87,r87,r87,r87,r87,r87,r87,r87,r87,r87,r87,r87,r87,r87,r87,r87,r87,r87,r87,r87,r87
33,r118,r118,r118,r118,r118,r118,r118,r118,r118,r118,r118,r118,r118,r118,r118,r118,r118,r118,r118,r118,r118,r118,r118,r118,r118,r118,r118,r118,r118,r118,r118,r118,r118,r118,r118,r118,r118,r118,r118,r118,r118,r118,r118,r118,r118,r118,r118,r118,r118,r118,r118,r118,r118,r118,r118,r118,r118,r118,r118,r118,r118,r118,r118,r118,r118,r118,r118,r118,r118,r118,s50,r118,s51,r118,r118,r118,r118,r118
34,,,,,,,,,,,,,,,,,,,,,,,,,,,,,,,,,,,s26,,,,,,,,,,,,,,,,,,,,,,,,,,,,,,,,,,,,s28,,,,,,,
35,r80,r80,r80,r80,r80,r80,r80,r80,r80,r80,r80,r80,r80,r80,r80,r80,r80,r80,r80,r80,r80,r80,r80,r80,r80,r80,r80,r80,r80,r80,r80,r80,r80,r80,r80,r80,r80,r80,r80,r80,r80,r80,r80,r80,r80,r80,r80,r80,r80,r80,r80,r80,r80,r80,r80,r80,r80,r80,r80,r80,r80,r80,r80,r80,r80,r80,r80,r80,r80,r80,r80,r80,r80,r80,r80,r80,r80,r80
36,r82,r82,r82,r82,r82,r82,r82,r82,r82,r82,r82,r82,r82,r82,r82,r82,r82,r82,r82,r82,r82,r82,r82,r82,r82,r82,r82,r82,r82,r82,r82,r82,r82,r82,r82,r82,r82,r82,r82,r82,r82,r82,r82,r82,r82,r82,r82,r82,r82,r82,r82,r82,r82,r82,r82,r82,r82,r82,r82,r82,r82,r82,r82,r82,r82,r82,r82,r82,r82,r82,r82,r82,r82,r82,r82,r82,r82,r82
37,acc,,,,,,,,,,,,,,,,,,,,,,,,,,,,,,,,,,,,,,,,,,,,,,,,,,,,,,,,,,,,,,,,,,,,,,,,,,,,,
38,r204,r204,r204,r204,r204,r204,r204,r204,r204,r204,r204,r204,r204,r204,r204,r204,r204,r204,r204,r204,r204,r204,r204,r204,r204,r204,r204,r204,r204,r204,r204,r204,r204,r204,r204,r204,r204,r204,r204,r204,r204,r204,r204,r204,r204,r204,r204,r204,r204,r204,r204,r204,r204,r204,r204,r204,r204,r204,r204,r204,r204,r204,r204,r204,r204,r204,r204,r204,r204,r204,r204,r204,r204,r204,r204,r204,r204,r204
39,,s1,s2,s3,s4,s5,s6,s7,s8,s9,s10,s11,s12,s13,s14,,,,,,,,,,,,,,,,,,,,,,,,,,,,,,,,,,,,,,,,,,,,,,,,,,,,,,,,,,,,,,,
40,r126,r126,r126,r126,r126,r126,r126,r126,r126,r126,r126,r126,r126,r126,r126,r126,r126,r126,r126,r126,r126,r126,r126,r126,r126,r126,r126,r126,r126,r126,r126,r126,r126,r126,r126,r126,r126,r126,r126,r126,r126,r126,r126,r126,r126,r126,r126,r126,r126,r126,r126,r126,r126,r126,r126,r126,r126,r126,r126,r126,r126,r126,r126,r126,r126,r126,r126,r126,r126,r126,r126,r126,r126,r126,r126,r126,r126,r126
41,,,,,,,,,,,,,,,,,,,,,,,,,,,,,,,,,,,,,,,,,,,,,,,,,,,,,,,,,,,,,,,,,,,,,,,,s57,,,,,,
42,r79,r79,r79,r79,r79,r79,r79,r79,r79,r79,r79,r79,r79,r79,r79,r79,r79,r79,r79,r79,r79,r79,r79,r79,r79,r79,r79,r79,r79,r79,r79,r79,r79,r79,r79,r79,r79,r79,r79,r79,r79,r79,r79,r79,r79,r79,r79,r79,r79,r79,r79,r79,r79,r79,r79,r79,r79,r79,r79,r79,r79,r79,r79,r79,r79,r79,r79,r79,r79,r79,r79,r79,r79,r79,r79,r79,r79,r79
43,,,,,,,,,,,,,,,,,,,,,,,,,,,,,,,,,,,s26,,,,,,,,,,,,,,,,,,,,,,,,,,,,,,,,,,,s27,s28,,,,,,,
44,,s1,s2,s3,s4,s5,s6,s7,s8,s9,s10,s11,s12,s13,s14,s15,s16,,,s61,s62,s63,,s64,s65,s66,s67,s68,s69,s70,s44,s71,s72,s73,s74,s75,s76,s77,s78,s79,s80,,,,,,,,,,,,,,s81,,,s82,,,s83,s84,,,,,,,s85,s86,s87,,,,s88,,,
45,,,,,,,,,,,,,,,,,,,,,,,,,,,,,,s70,s120,,s72,s73,s121,s75,s76,s77,s78,s79,s80,,,,,,,,,,,,,,s81,,,s82,,,s83,s84,,,,,,,s85,s86,s87,,,,,,,
46,r209,r209,r209,r209,r209,r209,r209,r209,r209,r209,r209,r209,r209,r209,r209,r209,r209,r209,r209,r209,r209,r209,r209,r209,r209,r209,r209,r209,r209,r209,r209,r209,r209,r209,r209,r209,r209,r209,r209,r209,r209,r209,r209,r209,r209,r209,r209,r209,r209,r209,r209,r209,r209,r209,r209,r209,r209,r209,r209,r209,r209,r209,r209,r209,r209,r209,r209,r209,r209,r209,r209,r209,r209,r209,r209,r209,r209,r209
47,,,,,,,,,,,,,,,,,,,,,,,,,,,,,,,,,,,s26,,,,,,,,,,,,,,,,,,,,,,,,,,,,,,,,,,,s27,s28,,,,s29,,,
48,r208,r208,r208,r208,r208,r208,r208,r208,r208,r208,r208,r208,r208,r208,r208,r208,r208,r208,r208,r208,r208,r208,r208,r208,r208,r208,r208,r208,r208,r208,r208,r208,r208,r208,r208,r208,r208,r208,r208,r208,r208,r208,r208,r208,r208,r208,r208,r208,r208,r208,r208,r208,r208,r208,r208,r208,r208,r208,r208,r208,r208,r208,r208,r208,r208,r208,r208,r208,r208,r208,r208,r208,r208,r208,r208,r208,r208,r208
49,,s1,s2,s3,s4,s5,s6,s7,s8,s9,s10,s11,s12,s13,s14,s15,s16,,,,,,,,,,,,,,s44,,,,,,,,,,,,,,,,,,,,,,,,,,,,,,,,,,,,,,,,,,,,,,,
50,,s1,s2,s3,s4,s5,s6,s7,s8,s9,s10,s11,s12,s13,s14,s15,s16,,,,,,,,,,,,,,,,,,s126,,,,,,,,,,,,,,,,,,,,,,,,,,,,,,,,,,,,,s127,,,,,,
51,,,,,,,,,,,,,,,,,,,,,,,,,,,,,,s70,,,s72,s73,s121,s75,s76,s77,s78,s79,s80,,,,,,,,,,,,,,s81,,,s82,,,s83,s84,,,,,,,s85,s86,s87,,,s133,,,,
52,r117,r117,r117,r117,r117,r117,r117,r117,r117,r117,r117,r117,r117,r117,r117,r117,r117,r117,r117,r117,r117,r117,r117,r117,r117,r117,r117,r117,r117,r117,r117,r117,r117,r117,r117,r117,r117,r117,r117,r117,r117,r117,r117,r117,r117,r117,r117,r117,r117,r117,r117,r117,r117,r117,r117,r117,r117,r117,r117,r117,r117,r117,r117,r117,r117,r117,r117,r117,r117,r117,s50,r117,s51,r117,r117,r117,r117,r117
53,r111,s1,s2,s3,s4,s5,s6,s7,s8,s9,s10,s11,s12,s13,s14,r111,r111,r111,r111,r111,r111,r111,r111,r111,r111,r111,r111,r111,r111,r111,r111,r111,r111,r111,r111,r111,r111,r111,r111,r111,r111,r111,r111,r111,r111,r111,r111,r111,r111,r111,r111,r111,r111,r111,r111,r111,r111,r111,r111,r111,r111,r111,r111,r111,r111,r111,r111,r111,r111,r111,r111,r111,r111,r111,r111,r111,r111,r111
54,,s1,s2,s3,s4,s5,s6,s7,s8,s9,s10,s11,s12,s13,s14,,,,,,,,,,,,,,,,,s136,,,,,,,,,,,,,,,,,,,,,,,,,,,,,,,,,,,,,,,,,,,,,,
55,r106,r106,r106,r106,r106,r106,r106,r106,r106,r106,r106,r106,r106,r106,r106,r106,r106,r106,r106,r106,r106,r106,r106,r106,r106,r106,r106,r106,r106,r106,r106,r106,r106,r106,r106,r106,r106,r106,r106,r106,r106,r106,r106,r106,r106,r106,r106,r106,r106,r106,r106,r106,r106,r106,r106,r106,r106,r106,r106,r106,r106,r106,r106,r106,r106,r106,r106,r106,r106,r106,r106,r106,r106,r106,r106,r106,r106,r106
56,,,,,,,,,,,,,,,,,,,,,,,,,,,,,,,,,,,s26,,,,,,,,,,,,,,,,,,,,,,,,,,,,,,,,,,,s27,s28,,,,s138,,,s139
57,r120,r120,r120,r120,r120,r120,r120,r120,r120,r120,r120,r120,r120,r120,r120,r120,r120,r120,r120,r120,r120,r120,r120,r120,r120,r120,r120,r120,r120,r120,r120,r120,r120,r120,r120,r120,r120,r120,r120,r120,r120,r120,r120,r120,r120,r120,r120,r120,r120,r120,r120,r120,r120,r120,r120,r120,r120,r120,r120,r120,r120,r120,r120,r120,r120,r120,r120,r120,r120,r120,r120,r120,r120,r120,r120,r120,r120,r120
58,r85,r85,r85,r85,r85,r85,r85,r85,r85,r85,r85,r85,r85,r85,r85,r85,r85,r85,r85,r85,r85,r85,r85,r85,r85,r85,r85,r85,r85,r85,r85,r85,r85,r85,r85,r85,r85,r85,r85,r85,r85,r85,r85,r85,r85,r85,r85,r85,r85,r85,r85,r85,r85,r85,r85,r85,r85,r85,r85,r85,r85,r85,r85,r85,r85,r85,r85,r85,r85,r85,r85,r85,r85,r85,r85,r85,r85,r85
59,r87,r87,r87,r87,r87,r87,r87,r87,r87,r87,r87,r87,r87,r87,r87,r87,r87,r87,r87,r87,r87,r87,r87,r87,r87,r87,r87,r87,r87,r87,r87,r87,r87,r87,r87,r87,r87,r87,r87,r87,r87,r87,r87,r87,s45,r87,r87,r87,r87,r87,r87,r87,r87,r87,r87,r87,r87,r87,r87,r87,r87,r87,r87,r87,r87,r87,r87,r87,r87,r87,r87,r87,r87,r87,r87,r87,r87,r87
60,,,,,,,,,,,,,,,,,,,,,,,,,,,,,,,,,,,,,,,,,,,,,,,,,,,,,,,,,,,,,,,,,,,,,,,s143,,,,,,,
61,,,,,,,,,,,,,,,,,,,,,,,,,,,,,,,,,,,,,,,,,,,,,,,,,,,,,,,,,,,,,,,,,,,,,,,s144,,,,,,,
62,,,,,,,,,,,,,,,,,,,,,,,,,,,,,,,,,,,,,,,,,,,,,,,,,,,,,,,,,,,,,,,,,,,,,,,s145,,,,,,,
63,,,,,,,,,,,,,,,,,,,,s61,s62,s63,,s64,s65,s66,s67,s68,s69,s70,s44,,s72,s73,s74,s75,s76,s77,s78,s79,s80,,,,,,,,,,,,,,s81,,,s82,,,s83,s84,,,,,,,s85,s86,s87,,,,s88,,,
64,,,,,,,,,,,,,,,,,,,,,,,,,,,,,,,,,,,,,,,,,,,,,,,,,,,,,,,,,,,,,,,,,,,,,,,s148,,,,,,,
65,,,,,,,,,,,,,,,,,,,,,,,,,,,,,,s70,,,s72,s73,s121,s75,s76,s77,s78,s79,s80,,,,,,,,,,,,,,s81,,,s82,,,s83,s84,,,,,,,s85,s86,s87,,,,,,,
66,,,,,,,,,,,,,,,,,,,,,,,,,,,,,,,,,,,,,,,,,,,,,,,,,,,,,,,,,,,,,,,,,,,,,,,,,,,,,,s152
67,,,,,,,,,,,,,,,,,,,,,,,,,,,,,,,,,,,,,,,,,,,,,,,,,,,,,,,,,,,,,,,,,,,,,,,,,,,s153,,,
68,,,,,,,,,,,,,,,,,,,,,,,,,,,,,,,,,,,,,,,,,,,,,,,,,,,,,,,,,,,,,,,,,,,,,,,,,,,s154,,,
69,,,,,,,,,,,,,,,,,,,,,,,,,,,,,,s70,,,s72,s73,s121,s75,s76,s77,s78,s79,s80,,,,,,,,,,,,,,s81,,,s82,,,s83,s84,,,,,,,s85,s86,s87,,,,s155,,,
70,,,,,,,,,,,,,,,,,,,,,,,,,,,,,,s70,,,s72,s73,s121,s75,s76,s77,s78,s79,s80,,,,,,,,,,,,,,s81,,,s82,,,s83,s84,,,,,,,s85,s86,s157,,,,,,,
71,r164,r164,r164,r164,r164,r164,r164,r164,r164,r164,r164,r164,r164,r164,r164,r164,r164,r164,r164,r164,r164,r164,r164,r164,r164,r164,r164,r164,r164,r164,r164,r164,r164,r164,r164,r164,r164,r164,r164,r164,r164,r164,r164,r164,r164,r164,r164,r164,r164,r164,r164,r164,r164,r164,r164,r164,r164,r164,r164,r164,r164,r164,r164,r164,r164,r164,r164,r164,r164,r164,r164,r164,r164,r164,r164,r164,r164,r164
72,r4,r4,r4,r4,r4,r4,r4,r4,r4,r4,r4,r4,r4,r4,r4,r4,r4,r4,r4,r4,r4,r4,r4,r4,r4,r4,r4,r4,r4,r4,r4,r4,r4,r4,r4,r4,r4,r4,r4,r4,r4,r4,r4,r4,r4,r4,r4,r4,r4,r4,r4,r4,r4,r4,r4,r4,r4,r4,r4,r4,r4,r4,r4,r4,r4,r4,r4,r4,r4,r4,r4,r4,r4,r4,r4,r4,r4,r4
73,r5,r5,r5,r5,r5,r5,r5,r5,r5,r5,r5,r5,r5,r5,r5,r5,r5,r5,r5,r5,r5,r5,r5,r5,r5,r5,r5,r5,r5,r5,r5,r5,r5,r5,r5,r5,r5,r5,r5,r5,r5,r5,r5,r5,r5,r5,r5,r5,r5,r5,r5,r5,r5,r5,r5,r5,r5,r5,r5,r5,r5,r5,r5,r5,r5,r5,r5,r5,r5,r5,r5,r5,r5,r5,r5,r5,r5,r5
74,r1,r1,r1,r1,r1,r1,r1,r1,r1,r1,r1,r1,r1,r1,r1,r1,r1,r1,r1,r1,r1,r1,r1,r1,r1,r1,r1,r1,r1,r1,r1,r1,r1,r1,r1,r1,r1,r1,r1,r1,r1,r1,r1,r1,r1,r1,r1,r1,r1,r1,r1,r1,r1,r1,r1,r1,r1,r1,r1,r1,r1,r1,r1,r1,r1,r1,r1,r1,r1,r1,r1,r1,r1,r1,r1,r1,r1,s159
75,r7,r7,r7,r7,r7,r7,r7,r7,r7,r7,r7,r7,r7,r7,r7,r7,r7,r7,r7,r7,r7,r7,r7,r7,r7,r7,r7,r7,r7,r7,r7,r7,r7,r7,r7,r7,r7,r7,r7,r7,r7,r7,r7,r7,r7,r7,r7,r7,r7,r7,r7,r7,r7,r7,r7,r7,r7,r7,r7,r7,r7,r7,r7,r7,r7,r7,r7,r7,r7,r7,r7,r7,r7,r7,r7,r7,r7,r7
76,r8,r8,r8,r8,r8,r8,r8,r8,r8,r8,r8,r8,r8,r8,r8,r8,r8,r8,r8,r8,r8,r8,r8,r8,r8,r8,r8,r8,r8,r8,r8,r8,r8,r8,r8,r8,r8,r8,r8,r8,r8,r8,r8,r8,r8,r8,r8,r8,r8,r8,r8,r8,r8,r8,r8,r8,r8,r8,r8,r8,r8,r8,r8,r8,r8,r8,r8,r8,r8,r8,r8,r8,r8,r8,r8,r8,r8,r8
77,r9,r9,r9,r9,r9,r9,r9,r9,r9,r9,r9,r9,r9,r9,r9,r9,r9,r9,r9,r9,r9,r9,r9,r9,r9,r9,r9,r9,r9,r9,r9,r9,r9,r9,r9,r9,r9,r9,r9,r9,r9,r9,r9,r9,r9,r9,r9,r9,r9,r9,r9,r9,r9,r9,r9,r9,r9,r9,r9,r9,r9,r9,r9,r9,r9,r9,r9,r9,r9,r9,r9,r9,r9,r9,r9,r9,r9,r9
78,r10,r10,r10,r10,r10,r10,r10,r10,r10,r10,r10,r10,r10,r10,r10,r10,r10,r10,r10,r10,r10,r10,r10,r10,r10,r10,r10,r10,r10,r10,r10,r10,r10,r10,r10,r10,r10,r10,r10,r10,r10,r10,r10,r10,r10,r10,r10,r10,r10,r10,r10,r10,r10,r10,r10,r10,r10,r10,r10,r10,r10,r10,r10,r10,r10,r10,r10,r10,r10,r10,r10,r10,r10,r10,r10,r10,r10,r10
79,r31,r31,r31,r31,r31,r31,r31,r31,r31,r31,r31,r31,r31,r31,r31,r31,r31,r31,r31,r31,r31,r31,r31,r31,r31,r31,r31,r31,r31,r31,r31,r31,r31,r31,r31,r31,r31,r31,r31,r31,r31,r31,r31,r31,r31,r31,r31,r31,r31,r31,r31,r31,r31,r31,r31,r31,r31,r31,r31,r31,r31,r31,r31,r31,r31,r31,r31,r31,r31,r31,r31,r31,r31,r31,r31,r31,r31,r31
80,r32,r32,r32,r32,r32,r32,r32,r32,r32,r32,r32,r32,r32,r32,r32,r32,r32,r32,r32,r32,r32,r32,r32,r32,r32,r32,r32,r32,r32,r32,r32,r32,r32,r32,r32,r32,r32,r32,r32,r32,r32,r32,r32,r32,r32,r32,r32,r32,r32,r32,r32,r32,r32,r32,r32,r32,r32,r32,r32,r32,r32,r32,r32,r32,r32,r32,r32,r32,r32,r32,r32,r32,r32,r32,r32,r32,r32,r32
81,r34,r34,r34,r34,r34,r34,r34,r34,r34,r34,r34,r34,r34,r34,r34,r34,r34,r34,r34,r34,r34,r34,r34,r34,r34,r34,r34,r34,r34,r34,r34,r34,r34,r34,r34,r34,r34,r34,r34,r34,r34,r34,r34,r34,r34,r34,r34,r34,r34,r34,r34,r34,r34,r34,r34,r34,r34,r34,r34,r34,r34,r34,r34,r34,r34,r34,r34,r34,r34,r34,r34,r34,r34,r34,r34,r34,r34,r34
82,r33,r33,r33,r33,r33,r33,r33,r33,r33,r33,r33,r33,r33,r33,r33,r33,r33,r33,r33,r33,r33,r33,r33,r33,r33,r33,r33,r33,r33,r33,r33,r33,r33,r33,r33,r33,r33,r33,r33,r33,r33,r33,r33,r33,r33,r33,r33,r33,r33,r33,r33,r33,r33,r33,r33,r33,r33,r33,r33,r33,r33,r33,r33,r33,r33,r33,r33,r33,r33,r33,r33,r33,r33,r33,r33,r33,r33,r33
83,,,,,,,,,,,,,,,,,,,,,,,,,,,,,,s70,,,s72,s73,s121,s75,s76,s77,s78,s79,s80,,,,,,,,,,,,,,s81,,,s82,,,s83,s84,,,,,,,s85,s86,s160,,,,,,,
84,,,,,,,,,,,,,,,,,,,,,,,,,,,,,,s70,,,s72,s73,s121,s75,s76,s77,s78,s79,s80,,,,,,,,,,,,,,s81,,,s82,,,s83,s84,,,,,,,s85,s86,s160,,,,,,,
85,r29,r29,r29,r29,r29,r29,r29,r29,r29,r29,r29,r29,r29,r29,r29,r29,r29,r29,r29,r29,r29,r29,r29,r29,r29,r29,r29,r29,r29,r29,r29,r29,r29,r29,r29,r29,r29,r29,r29,r29,r29,r29,r29,r29,r29,r29,r29,r29,r29,r29,r29,r29,r29,r29,r29,r29,r29,r29,r29,r29,r29,r29,r29,r29,r29,r29,r29,r29,r29,r29,r29,r29,r29,r29,r29,r29,r29,r29
86,r30,r30,r30,r30,r30,r30,r30,r30,r30,r30,r30,r30,r30,r30,r30,r30,r30,r30,r30,r30,r30,r30,r30,r30,r30,r30,r30,r30,r30,r30,r30,r30,r30,r30,r30,r30,r30,r30,r30,r30,r30,r30,r30,r30,r30,r30,r30,r30,r30,r30,r30,r30,r30,r30,r30,r30,r30,r30,r30,r30,r30,r30,r30,r30,r30,r30,r30,r30,r30,r30,r30,r30,r30,r30,r30,r30,r30,r30
87,,s1,s2,s3,s4,s5,s6,s7,s8,s9,s10,s11,s12,s13,s14,,,,,,,,,,,,,,,s70,,,s72,s73,s121,s75,s76,s77,s78,s79,s80,,,,,,,,,,,,,,s81,,,s82,,,s83,s84,,,,,,,s85,s86,s87,,,,,,,
88,r170,r170,r170,r170,r170,r170,r170,r170,r170,r170,r170,r170,r170,r170,r170,r170,r170,r170,r170,r170,r170,r170,r170,r170,r170,r170,r170,r170,r170,r170,r170,r170,r170,r170,r170,r170,r170,r170,r170,r170,r170,r170,r170,r170,r170,r170,r170,r170,r170,r170,r170,r170,r170,r170,r170,r170,r170,r170,r170,r170,r170,r170,r170,r170,r170,r170,r170,r170,r170,r170,r170,r170,r170,r170,r170,r170,r170,r170
89,r11,r11,r11,r11,r11,r11,r11,r11,r11,r11,r11,r11,r11,r11,r11,r11,r11,r11,r11,r11,r11,r11,r11,r11,r11,r11,r11,r11,r11,r11,r11,r11,r11,r11,r11,r11,r11,r11,r11,r11,r11,r11,r11,r11,r11,r11,r11,r11,r11,r11,r11,r11,r11,r11,r11,r11,r11,r11,r11,r11,r11,r11,r11,r11,r11,r11,r11,r11,r11,r11,r11,r11,r11,r11,r11,r11,r11,r11
90,r2,r2,r2,r2,r2,r2,r2,r2,r2,r2,r2,r2,r2,r2,r2,r2,r2,r2,r2,r2,r2,r2,r2,r2,r2,r2,r2,r2,r2,r2,r2,r2,r2,r2,r2,r2,r2,r2,r2,r2,r2,r2,r2,r2,r2,r2,r2,r2,r2,r2,r2,r2,r2,r2,r2,r2,r2,r2,r2,r2,r2,r2,r2,r2,r2,r2,r2,r2,r2,r2,r2,r2,r2,r2,r2,r2,r2,r2
91,r3,r3,r3,r3,r3,r3,r3,r3,r3,r3,r3,r3,r3,r3,r3,r3,r3,r3,r3,r3,r3,r3,r3,r3,r3,r3,r3,r3,r3,r3,r3,r3,r3,r3,r3,r3,r3,r3,r3,r3,r3,r3,r3,r3,r3,r3,r3,r3,r3,r3,r3,r3,r3,r3,r3,r3,r3,r3,r3,r3,r3,r3,r3,r3,r3,r3,r3,r3,r3,r3,r3,r3,r3,r3,r3,r3,r3,r3
92,r23,r23,r23,r23,r23,r23,r23,r23,r23,r23,r23,r23,r23,r23,r23,r23,r23,r23,r23,r23,r23,r23,r23,r23,r23,r23,r23,r23,r23,r23,r23,r23,r23,r23,r23,r23,r23,r23,r23,r23,r23,r23,r23,r23,r23,r23,r23,r23,r23,r23,r23,r23,r23,r23,r23,r23,r23,r23,r23,r23,s166,s167,r23,r23,r23,r23,r23,s168,r23,r23,s169,r23,s170,r23,r23,r23,s171,r23
93,r35,r35,r35,r35,r35,r35,r35,r35,r35,r35,r35,r35,r35,r35,r35,r35,r35,r35,r35,r35,r35,r35,r35,r35,r35,r35,r35,r35,r35,r35,r35,r35,r35,r35,r35,r35,r35,r35,r35,r35,r35,r35,r35,r35,s172,r35,r35,r35,r35,r35,r35,r35,r35,r35,r35,r35,r35,r35,r35,r35,r35,r35,s173,s174,s175,s176,s177,r35,r35,r35,r35,r35,r35,r35,r35,r35,r35,r35
94,,,,,,,,,,,,,,,,,,,,,,,,,,,,,,s70,,,s72,s73,s121,s75,s76,s77,s78,s79,s80,,,,,,,,,,,,,,s81,,,s82,,,s83,s84,,,,,,,s85,s86,s87,,,,,,,
95,r37,r37,r37,r37,r37,r37,r37,r37,r37,r37,r37,r37,r37,r37,r37,r37,r37,r37,r37,r37,r37,r37,r37,r37,r37,r37,r37,r37,r37,r37,r37,r37,r37,r37,r37,r37,r37,r37,r37,r37,r37,r37,r37,r37,r37,r37,r37,r37,r37,r37,r37,r37,r37,r37,r37,r37,r37,r37,r37,r37,r37,r37,r37,r37,r37,r37,r37,r37,r37,r37,r37,r37,r37,r37,r37,r37,r37,r37
96,r41,r41,r41,r41,r41,r41,r41,r41,r41,r41,r41,r41,r41,r41,r41,r41,r41,r41,r41,r41,r41,r41,r41,r41,r41,r41,r41,r41,r41,r41,r41,r41,r41,r41,r41,r41,r41,r41,r41,r41,r41,s180,s181,s182,r41,r41,r41,r41,r41,r41,r41,r41,r41,r41,r41,r41,r41,r41,r41,r41,r41,r41,r41,r41,r41,r41,r41,r41,r41,r41,r41,r41,r41,r41,r41,r41,r41,r41
97,r44,r44,r44,r44,r44,r44,r44,r44,r44,r44,r44,r44,r44,r44,r44,r44,r44,r44,r44,r44,r44,r44,r44,r44,r44,r44,r44,r44,r44,r44,r44,r44,r44,r44,r44,r44,r44,r44,r44,s183,s184,r44,r44,r44,r44,r44,r44,r44,r44,r44,r44,r44,r44,r44,r44,r44,r44,r44,r44,r44,r44,r44,r44,r44,r44,r44,r44,r44,r44,r44,r44,r44,r44,r44,r44,r44,r44,r44
98,r47,r47,r47,r47,r47,r47,r47,r47,r47,r47,r47,r47,r47,r47,r47,r47,r47,r47,r47,r47,r47,r47,r47,r47,r47,r47,r47,r47,r47,r47,r47,r47,r47,r47,r47,r47,r47,r47,r47,r47,r47,r47,r47,r47,r47,r47,r47,r47,r47,r47,r47,r47,r47,r47,r47,r47,r47,r47,s185,s186,r47,r47,r47,r47,r47,r47,r47,r47,r47,r47,r47,r47,r47,r47,r47,r47,r47,r47
99,r53,r53,r53,r53,r53,r53,r53,r53,r53,r53,r53,r53,r53,r53,r53,r53,r53,r53,r53,r53,r53,r53,r53,r53,r53,r53,r53,r53,r53,r53,r53,r53,r53,r53,r53,r53,r53,r53,r53,r53,r53,r53,r53,r53,r53,r53,r53,s187,s188,s189,s190,s191,r53,r53,r53,r53,r53,r53,r53,r53,r53,r53,r53,r53,r53,r53,r53,r53,r53,r53,r53,r53,r53,r53,r53,r53,r53,r53
100,r56,r56,r56,r56,r56,r56,r56,r56,r56,r56,r56,r56,r56,r56,r56,r56,r56,r56,r56,r56,r56,r56,r56,r56,r56,r56,r56,r56,r56,r56,r56,r56,r56,r56,r56,r56,r56,r56,r56,r56,r56,r56,r56,r56,r56,s192,s193,r56,r56,r56,r56,r56,r56,r56,r56,r56,r56,r56,r56,r56,r56,r56,r56,r56,r56,r56,r56,r56,r56,r56,r56,r56,r56,r56,r56,r56,r56,r56
101,r58,r58,r58,r58,r58,r58,r58,r58,r58,r58,r58,r58,r58,r58,r58,r58,r58,r58,r58,r58,r58,r58,r58,r58,r58,r58,r58,r58,r58,r58,r58,r58,r58,r58,r58,r58,r58,r58,r58,r58,r58,r58,r58,r58,r58,r58,r58,r58,r58,r58,r58,r58,r58,r58,r58,r58,r58,r58,r58,r58,r58,r58,r58,r58,r58,r58,r58,r58,s194,r58,r58,r58,r58,r58,r58,r58,r58,r58
102,r60,r60,r60,r60,r60,r60,r60,r60,r60,r60,r60,r60,r60,r60,r60,r60,r60,r60,r60,r60,r60,r60,r60,r60,r60,r60,r60,r60,r60,r60,r60,r60,r60,r60,r60,r60,r60,r60,r60,r60,r60,r60,r60,r60,r60,r60,r60,r60,r60,r60,r60,r60,r60,r60,r60,r60,s195,r60,r60,r60,r60,r60,r60,r60,r60,r60,r60,r60,r60,r60,r60,r60,r60,r60,r60,r60,r60,r60
103,r62,r62,r62,r62,r62,r62,r62,r62,r62,r62,r62,r62,r62,r62,r62,r62,r62,r62,r62,r62,r62,r62,r62,r62,r62,r62,r62,r62,r62,r62,r62,r62,r62,r62,r62,r62,r62,r62,r62,r62,r62,r62,r62,r62,r62,r62,r62,r62,r62,r62,r62,r62,r62,r62,r62,s196,r62,r62,r62,r62,r62,r62,r62,r62,r62,r62,r62,r62,r62,r62,r62,r62,r62,r62,r62,r62,r62,r62
104,r64,r64,r64,r64,r64,r64,r64,r64,r64,r64,r64,r64,r64,r64,r64,r64,r64,r64,r64,r64,r64,r64,r64,r64,r64,r64,r64,r64,r64,r64,r64,r64,r64,r64,r64,r64,r64,r64,r64,r64,r64,r64,r64,r64,r64,r64,r64,r64,r64,r64,r64,r64,s197,r64,r64,r64,r64,r64,r64,r64,r64,r64,r64,r64,r64,r64,r64,r64,r64,r64,r64,r64,r64,r64,r64,r64,r64,r64
105,r66,r66,r66,r66,r66,r66,r66,r66,r66,r66,r66,r66,r66,r66,r66,r66,r66,r66,r66,r66,r66,r66,r66,r66,r66,r66,r66,r66,r66,r66,r66,r66,r66,r66,r66,r66,r66,r66,r66,r66,r66,r66,r66,r66,r66,r66,r66,r66,r66,r66,r66,r66,r66,s198,r66,r66,r66,r66,r66,r66,r66,r66,r66,r66,r66,r66,r66,r66,r66,r66,r66,r66,r66,r66,r66,r66,r66,r66
106,r67,r67,r67,r67,r67,r67,r67,r67,r67,r67,r67,r67,r67,r67,r67,r67,r67,r67,r67,r67,r67,r67,r67,r67,r67,r67,r67,r67,r67,r67,r67,r67,r67,r67,r67,r67,r67,r67,r67,r67,r67,r67,r67,r67,r67,r67,r67,r67,r67,r67,r67,r67,r67,r67,r67,r67,r67,r67,r67,r67,r67,r67,r67,r67,r67,r67,r67,r67,r67,r67,r67,r67,r67,r67,r67,r67,r67,r67
107,r75,r75,r75,r75,r75,r75,r75,r75,r75,r75,r75,r75,r75,r75,r75,r75,r75,r75,r75,r75,r75,r75,r75,r75,r75,r75,r75,r75,r75,r75,r75,r75,r75,r75,r75,r75,r75,r75,r75,r75,r75,r75,r75,r75,r75,r75,r75,r75,r75,r75,r75,r75,r75,r75,r75,r75,r75,r75,r75,r75,r75,r75,r75,r75,r75,r75,r75,r75,r75,r75,r75,r75,r75,r75,r75,r75,r75,r75
108,,,,,,,,,,,,,,,,,,,,,,,,,,,,,,,,,,,,,,,,,,,,,,,,,,,,,,,,,,,,,,,,,,,,,,,,,,,s199,s200,,
109,r168,r168,r168,r168,r168,r168,r168,r168,r168,r168,r168,r168,r168,r168,r168,r168,r168,r168,r168,r168,r168,r168,r168,r168,r168,r168,r168,r168,r168,r168,r168,r168,r168,r168,r168,r168,r168,r168,r168,r168,r168,r168,r168,r168,r168,r168,r168,r168,r168,r168,r168,r168,r168,r168,r168,r168,r168,r168,r168,r168,r168,r168,r168,r168,r168,r168,r168,r168,r168,r168,r168,r168,r168,r168,r168,r168,r168,r168
110,r169,r169,r169,r169,r169,r169,r169,r169,r169,r169,r169,r169,r169,r169,r169,r169,r169,r169,r169,r169,r169,r169,r169,r169,r169,r169,r169,r169,r169,r169,r169,r169,r169,r169,r169,r169,r169,r169,r169,r169,r169,r169,r169,r169,r169,r169,r169,r169,r169,r169,r169,r169,r169,r169,r169,r169,r169,r169,r169,r169,r169,r169,r169,r169,r169,r169,r169,r169,r169,r169,r169,r169,r169,r169,r169,r169,r169,r169
111,r172,r172,r172,r172,r172,r172,r172,r172,r172,r172,r172,r172,r172,r172,r172,r172,r172,r172,r172,r172,r172,r172,r172,r172,r172,r172,r172,r172,r172,r172,r172,r172,r172,r172,r172,r172,r172,r172,r172,r172,r172,r172,r172,r172,r172,r172,r172,r172,r172,r172,r172,r172,r172,r172,r172,r172,r172,r172,r172,r172,r172,r172,r172,r172,r172,r172,r172,r172,r172,r172,r172,r172,r172,r172,r172,r172,r172,r172
112,,s1,s2,s3,s4,s5,s6,s7,s8,s9,s10,s11,s12,s13,s14,s15,s16,,,s61,s62,s63,,s64,s65,s66,s67,s68,s69,s70,s44,s201,s72,s73,s74,s75,s76,s77,s78,s79,s80,,,,,,,,,,,,,,s81,,,s82,,,s83,s84,,,,,,,s85,s86,s87,,,,s88,,,
113,r166,r166,r166,r166,r166,r166,r166,r166,r166,r166,r166,r166,r166,r166,r166,r166,r166,r166,r166,r166,r166,r166,r166,r166,r166,r166,r166,r166,r166,r166,r166,r166,r166,r166,r166,r166,r166,r166,r166,r166,r166,r166,r166,r166,r166,r166,r166,r166,r166,r166,r166,r166,r166,r166,r166,r166,r166,r166,r166,r166,r166,r166,r166,r166,r166,r166,r166,r166,r166,r166,r166,r166,r166,r166,r166,r166,r166,r166
114,r173,r173,r173,r173,r173,r173,r173,r173,r173,r173,r173,r173,r173,r173,r173,r173,r173,r173,r173,r173,r173,r173,r173,r173,r173,r173,r173,r173,r173,r173,r173,r173,r173,r173,r173,r173,r173,r173,r173,r173,r173,r173,r173,r173,r173,r173,r173,r173,r173,r173,r173,r173,r173,r173,r173,r173,r173,r173,r173,r173,r173,r173,r173,r173,r173,r173,r173,r173,r173,r173,r173,r173,r173,r173,r173,r173,r173,r173
115,r162,r162,r162,r162,r162,r162,r162,r162,r162,r162,r162,r162,r162,r162,r162,r162,r162,r162,r162,r162,r162,r162,r162,r162,r162,r162,r162,r162,r162,r162,r162,r162,r162,r162,r162,r162,r162,r162,r162,r162,r162,r162,r162,r162,r162,r162,r162,r162,r162,r162,r162,r162,r162,r162,r162,r162,r162,r162,r162,r162,r162,r162,r162,r162,r162,r162,r162,r162,r162,r162,r162,r162,r162,r162,r162,r162,r162,r162
116,r163,r163,r163,r163,r163,r163,r163,r163,r163,r163,r163,r163,r163,r163,r163,r163,r163,r163,r163,r163,r163,r163,r163,r163,r163,r163,r163,r163,r163,r163,r163,r163,r163,r163,r163,r163,r163,r163,r163,r163,r163,r163,r163,r163,r163,r163,r163,r163,r163,r163,r163,r163,r163,r163,r163,r163,r163,r163,r163,r163,r163,r163,r163,r163,r163,r163,r163,r163,r163,r163,r163,r163,r163,r163,r163,r163,r163,r163
117,r174,r174,r174,r174,r174,r174,r174,r174,r174,r174,r174,r174,r174,r174,r174,r174,r174,r174,r174,r174,r174,r174,r174,r174,r174,r174,r174,r174,r174,r174,r174,r174,r174,r174,r174,r174,r174,r174,r174,r174,r174,r174,r174,r174,r174,r174,r174,r174,r174,r174,r174,r174,r174,r174,r174,r174,r174,r174,r174,r174,r174,r174,r174,r174,r174,r174,r174,r174,r174,r174,r174,r174,r174,r174,r174,r174,r174,r174
118,r184,r184,r184,r184,r184,r184,r184,r184,r184,r184,r184,r184,r184,r184,r184,r184,r184,r184,r184,r184,r184,r184,r184,r184,r184,r184,r184,r184,r184,r184,r184,r184,r184,r184,r184,r184,r184,r184,r184,r184,r184,r184,r184,r184,r184,r184,r184,r184,r184,r184,r184,r184,r184,r184,r184,r184,r184,r184,r184,r184,r184,r184,r184,r184,r184,r184,r184,r184,r184,r184,r184,r184,r184,r184,r184,r184,r184,r184
119,r175,r175,r175,r175,r175,r175,r175,r175,r175,r175,r175,r175,r175,r175,r175,r175,r175,r175,r175,r175,r175,r175,r175,r175,r175,r175,r175,r175,r175,r175,r175,r175,r175,r175,r175,r175,r175,r175,r175,r175,r175,r175,r175,r175,r175,r175,r175,r175,r175,r175,r175,r175,r175,r175,r175,r175,r175,r175,r175,r175,r175,r175,r175,r175,r175,r175,r175,r175,r175,r175,r175,r175,r175,r175,r175,r175,r175,r175
120,,,,,,,,,,,,,,,,,,,,,,,,,,,,,,s70,s120,,s72,s73,s121,s75,s76,s77,s78,s79,s80,,,,,,,,,,,,,,s81,,,s82,,,s83,s84,,,,,,,s85,s86,s87,,s203,,,,s204,
121,r1,r1,r1,r1,r1,r1,r1,r1,r1,r1,r1,r1,r1,r1,r1,r1,r1,r1,r1,r1,r1,r1,r1,r1,r1,r1,r1,r1,r1,r1,r1,r1,r1,r1,r1,r1,r1,r1,r1,r1,r1,r1,r1,r1,r1,r1,r1,r1,r1,r1,r1,r1,r1,r1,r1,r1,r1,r1,r1,r1,r1,r1,r1,r1,r1,r1,r1,r1,r1,r1,r1,r1,r1,r1,r1,r1,r1,r1
122,r152,r152,r152,r152,r152,r152,r152,r152,r152,r152,r152,r152,r152,r152,r152,r152,r152,r152,r152,r152,r152,r152,r152,r152,r152,r152,r152,r152,r152,r152,r152,r152,r152,r152,r152,r152,r152,r152,r152,r152,r152,r152,r152,r152,r152,r152,r152,r152,r152,r152,r152,r152,r152,r152,r152,r152,r152,r152,r152,r152,r152,r152,r152,r152,r152,r152,r152,r152,r152,r152,r152,r152,r152,r152,r152,r152,r152,r152
123,r86,r86,r86,r86,r86,r86,r86,r86,r86,r86,r86,r86,r86,r86,r86,r86,r86,r86,r86,r86,r86,r86,r86,r86,r86,r86,r86,r86,r86,r86,r86,r86,r86,r86,r86,r86,r86,r86,r86,r86,r86,r86,r86,r86,r86,r86,r86,r86,r86,r86,r86,r86,r86,r86,r86,r86,r86,r86,r86,r86,r86,r86,r86,r86,r86,r86,r86,r86,r86,r86,r86,r86,r86,r86,r86,r86,r86,r86
124,r210,r210,r210,r210,r210,r210,r210,r210,r210,r210,r210,r210,r210,r210,r210,r210,r210,r210,r210,r210,r210,r210,r210,r210,r210,r210,r210,r210,r210,r210,r210,r210,r210,r210,r210,r210,r210,r210,r210,r210,r210,r210,r210,r210,r210,r210,r210,r210,r210,r210,r210,r210,r210,r210,r210,r210,r210,r210,r210,r210,r210,r210,r210,r210,r210,r210,r210,r210,r210,r210,r210,r210,r210,r210,r210,r210,r210,r210
125,r207,r207,r207,r207,r207,r207,r207,r207,r207,r207,r207,r207,r207,r207,r207,r207,r207,r207,r207,r207,r207,r207,r207,r207,r207,r207,r207,r207,r207,r207,r207,r207,r207,r207,r207,r207,r207,r207,r207,r207,r207,r207,r207,r207,r207,r207,r207,r207,r207,r207,r207,r207,r207,r207,r207,r207,r207,r207,r207,r207,r207,r207,r207,r207,r207,r207,r207,r207,r207,r207,r207,r207,r207,r207,r207,r207,r207,r207
126,r134,r134,r134,r134,r134,r134,r134,r134,r134,r134,r134,r134,r134,r134,r134,r134,r134,r134,r134,r134,r134,r134,r134,r134,r134,r134,r134,r134,r134,r134,r134,r134,r134,r134,r134,r134,r134,r134,r134,r134,r134,r134,r134,r134,r134,r134,r134,r134,r134,r134,r134,r134,r134,r134,r134,r134,r134,r134,r134,r134,r134,r134,r134,r134,r134,r134,r134,r134,r134,r134,r134,r134,r134,r134,r134,r134,r134,r134
127,r124,r124,r124,r124,r124,r124,r124,r124,r124,r124,r124,r124,r124,r124,r124,r124,r124,r124,r124,r124,r124,r124,r124,r124,r124,r124,r124,r124,r124,r124,r124,r124,r124,r124,r124,r124,r124,r124,r124,r124,r124,r124,r124,r124,r124,r124,r124,r124,r124,r124,r124,r124,r124,r124,r124,r124,r124,r124,r124,r124,r124,r124,r124,r124,r124,r124,r124,r124,r124,r124,r124,r124,r124,r124,r124,r124,r124,r124
128,r133,r133,r133,r133,r133,r133,r133,r133,r133,r133,r133,r133,r133,r133,r133,r133,r133,r133,r133,r133,r133,r133,r133,r133,r133,r133,r133,r133,r133,r133,r133,r133,r133,r133,s26,r133,r133,r133,r133,r133,r133,r133,r133,r133,r133,r133,r133,r133,r133,r133,r133,r133,r133,r133,r133,r133,r133,r133,r133,r133,r133,r133,r133,r133,r133,r133,r133,r133,r133,s27,s210,r133,s211,r133,r133,r133,r133,r133
129,,,,,,,,,,,,,,,,,,,,,,,,,,,,,,,,,,,,,,,,,,,,,,,,,,,,,,,,,,,,,,,,,,,,,,,,s216,,,,,,
130,r128,r128,r128,r128,r128,r128,r128,r128,r128,r128,r128,r128,r128,r128,r128,r128,r128,r128,r128,r128,r128,r128,r128,r128,r128,r128,r128,r128,r128,r128,r128,r128,r128,r128,r128,r128,r128,r128,r128,r128,r128,r128,r128,r128,r128,r128,r128,r128,r128,r128,r128,r128,r128,r128,r128,r128,r128,r128,r128,r128,r128,r128,r128,r128,r128,r128,r128,r128,r128,r128,r128,r128,r128,r128,r128,s217,r128,r128
131,r129,r129,r129,r129,r129,r129,r129,r129,r129,r129,r129,r129,r129,r129,r129,r129,r129,r129,r129,r129,r129,r129,r129,r129,r129,r129,r129,r129,r129,r129,r129,r129,r129,r129,r129,r129,r129,r129,r129,r129,r129,r129,r129,r129,r129,r129,r129,r129,r129,r129,r129,r129,r129,r129,r129,r129,r129,r129,r129,r129,r129,r129,r129,r129,r129,r129,r129,r129,r129,r129,r129,r129,r129,r129,r129,r129,r129,r129
132,,,,,,,,,,,,,,,,,,,,,,,,,,,,,,,,,,,,,,,,,,,,,,,,,,,,,,,,,,,,,,,,,,,,,,,,s218,,,,s219,,
133,r121,r121,r121,r121,r121,r121,r121,r121,r121,r121,r121,r121,r121,r121,r121,r121,r121,r121,r121,r121,r121,r121,r121,r121,r121,r121,r121,r121,r121,r121,r121,r121,r121,r121,r121,r121,r121,r121,r121,r121,r121,r121,r121,r121,r121,r121,r121,r121,r121,r121,r121,r121,r121,r121,r121,r121,r121,r121,r121,r121,r121,r121,r121,r121,r121,r121,r121,r121,r121,r121,r121,r121,r121,r121,r121,r121,r121,r121
134,,,,,,,,,,,,,,,,,,,,,,,,,,,,,,,,,,,,,,,,,,,,,,,,,,,,,,,,,,,,,,,,,,,,,,,,,,s220,,,,
135,r110,r110,r110,r110,r110,r110,r110,r110,r110,r110,r110,r110,r110,r110,r110,r110,r110,r110,r110,r110,r110,r110,r110,r110,r110,r110,r110,r110,r110,r110,r110,r110,r110,r110,r110,r110,r110,r110,r110,r110,r110,r110,r110,r110,r110,r110,r110,r110,r110,r110,r110,r110,r110,r110,r110,r110,r110,r110,r110,r110,r110,r110,r110,r110,r110,r110,r110,r110,r110,r110,r110,r110,r110,r110,r110,r110,r110,r110
136,r104,r104,r104,r104,r104,r104,r104,r104,r104,r104,r104,r104,r104,r104,r104,r104,r104,r104,r104,r104,r104,r104,r104,r104,r104,r104,r104,r104,r104,r104,r104,r104,r104,r104,r104,r104,r104,r104,r104,r104,r104,r104,r104,r104,r104,r104,r104,r104,r104,r104,r104,r104,r104,r104,r104,r104,r104,r104,r104,r104,r104,r104,r104,r104,r104,r104,r104,r104,r104,r104,r104,r104,r104,r104,r104,r104,r104,r104
137,r107,r107,r107,r107,r107,r107,r107,r107,r107,r107,r107,r107,r107,r107,r107,r107,r107,r107,r107,r107,r107,r107,r107,r107,r107,r107,r107,r107,r107,r107,r107,r107,r107,r107,r107,r107,r107,r107,r107,r107,r107,r107,r107,r107,r107,r107,r107,r107,r107,r107,r107,r107,r107,r107,r107,r107,r107,r107,r107,r107,r107,r107,r107,r107,r107,r107,r107,r107,r107,r107,r107,r107,r107,r107,r107,r107,r107,r107
138,r108,r108,r108,r108,r108,r108,r108,r108,r108,r108,r108,r108,r108,r108,r108,r108,r108,r108,r108,r108,r108,r108,r108,r108,r108,r108,r108,r108,r108,r108,r108,r108,r108,r108,r108,r108,r108,r108,r108,r108,r108,r108,r108,r108,r108,r108,r108,r108,r108,r108,r108,r108,r108,r108,r108,r108,r108,r108,r108,r108,r108,r108,r108,r108,r108,r108,r108,r108,r108,r108,r108,r108,r108,r108,r108,r108,r108,r108
139,,,,,,,,,,,,,,,,,,,,,,,,,,,,,,s70,,,s72,s73,s121,s75,s76,s77,s78,s79,s80,,,,,,,,,,,,,,s81,,,s82,,,s83,s84,,,,,,,s85,s86,s87,,,,,,,
140,,,,,,,,,,,,,,,,,,,,,,,,,,,,,,,,,,,,,,,,,,,,,,,,,,,,,,,,,,,,,,,,,,,,,,,,,,,s222,s223,,
141,r112,r112,r112,r112,r112,r112,r112,r112,r112,r112,r112,r112,r112,r112,r112,r112,r112,r112,r112,r112,r112,r112,r112,r112,r112,r112,r112,r112,r112,r112,r112,r112,r112,r112,r112,r112,r112,r112,r112,r112,r112,r112,r112,r112,r112,r112,r112,r112,r112,r112,r112,r112,r112,r112,r112,r112,r112,r112,r112,r112,r112,r112,r112,r112,r112,r112,r112,r112,r112,r112,r112,r112,r112,r112,r112,r112,r112,r112
142,r116,r116,r116,r116,r116,r116,r116,r116,r116,r116,r116,r116,r116,r116,r116,r116,r116,r116,r116,r116,r116,r116,r116,r116,r116,r116,r116,r116,r116,r116,r116,r116,r116,r116,r116,r116,r116,r116,r116,r116,r116,r116,r116,r116,r116,r116,r116,r116,r116,r116,r116,r116,r116,r116,r116,r116,r116,r116,r116,r116,r116,r116,r116,r116,r116,r116,r116,r116,r116,r116,r116,r116,r116,r116,r116,r116,r116,s224
143,,,,,,,,,,,,,,,,,,,,,,,,,,,,,,s70,,,s72,s73,s121,s75,s76,s77,s78,s79,s80,,,,,,,,,,,,,,s81,,,s82,,,s83,s84,,,,,,,s85,s86,s87,,,,,,,
144,,s1,s2,s3,s4,s5,s6,s7,s8,s9,s10,s11,s12,s13,s14,s15,s16,,,,,,,,,,,,,s70,,,s72,s73,s121,s75,s76,s77,s78,s79,s80,,,,,,,,,,,,,,s81,,,s82,,,s83,s84,,,,,,,s85,s86,s87,,,,s88,,,
145,,,,,,,,,,,,,,,,,,,,,,,,,,,,,,s70,,,s72,s73,s121,s75,s76,s77,s78,s79,s80,,,,,,,,,,,,,,s81,,,s82,,,s83,s84,,,,,,,s85,s86,s87,,,,,,,
146,,,,,,,,,,,,,,,,,,,,,,,s229,,,,,,,,,,,,,,,,,,,,,,,,,,,,,,,,,,,,,,,,,,,,,,,,,,,,,,,
147,,,,,,,,,,,,,,,,,,,,,,,s230,,,,,,,,,,,,,,,,,,,,,,,,,,,,,,,,,,,,,,,,,,,,,,,,,,,,,,,
148,,,,,,,,,,,,,,,,,,,,,,,,,,,,,,s70,,,s72,s73,s121,s75,s76,s77,s78,s79,s80,,,,,,,,,,,,,,s81,,,s82,,,s83,s84,,,,,,,s85,s86,s87,,,,,,,
149,r35,r35,r35,r35,r35,r35,r35,r35,r35,r35,r35,r35,r35,r35,r35,r35,r35,r35,r35,r35,r35,r35,r35,r35,r35,r35,r35,r35,r35,r35,r35,r35,r35,r35,r35,r35,r35,r35,r35,r35,r35,r35,r35,r35,r35,r35,r35,r35,r35,r35,r35,r35,r35,r35,r35,r35,r35,r35,r35,r35,r35,r35,r35,r35,r35,r35,r35,r35,r35,r35,r35,r35,r35,r35,r35,r35,r35,r35
150,r77,r77,r77,r77,r77,r77,r77,r77,r77,r77,r77,r77,r77,r77,r77,r77,r77,r77,r77,r77,r77,r77,r77,r77,r77,r77,r77,r77,r77,r77,r77,r77,r77,r77,r77,r77,r77,r77,r77,r77,r77,r77,r77,r77,r77,r77,r77,r77,r77,r77,r77,r77,r77,r77,r77,r77,r77,r77,r77,r77,r77,r77,r77,r77,r77,r77,r77,r77,r77,r77,r77,r77,r77,r77,r77,r77,r77,r77
151,,,,,,,,,,,,,,,,,,,,,,,,,,,,,,,,,,,,,,,,,,,,,,,,,,,,,,,,,,,,,,,,,,,,,,,,,,,,,,s232
152,,,,,,,,,,,,,,,,,,,,s61,s62,s63,,s64,s65,s66,s67,s68,s69,s70,s44,,s72,s73,s74,s75,s76,s77,s78,s79,s80,,,,,,,,,,,,,,s81,,,s82,,,s83,s84,,,,,,,s85,s86,s87,,,,s88,,,
153,r200,r200,r200,r200,r200,r200,r200,r200,r200,r200,r200,r200,r200,r200,r200,r200,r200,r200,r200,r200,r200,r200,r200,r200,r200,r200,r200,r200,r200,r200,r200,r200,r200,r200,r200,r200,r200,r200,r200,r200,r200,r200,r200,r200,r200,r200,r200,r200,r200,r200,r200,r200,r200,r200,r200,r200,r200,r200,r200,r200,r200,r200,r200,r200,r200,r200,r200,r200,r200,r200,r200,r200,r200,r200,r200,r200,r200,r200
154,r199,r199,r199,r199,r199,r199,r199,r199,r199,r199,r199,r199,r199,r199,r199,r199,r199,r199,r199,r199,r199,r199,r199,r199,r199,r199,r199,r199,r199,r199,r199,r199,r199,r199,r199,r199,r199,r199,r199,r199,r199,r199,r199,r199,r199,r199,r199,r199,r199,r199,r199,r199,r199,r199,r199,r199,r199,r199,r199,r199,r199,r199,r199,r199,r199,r199,r199,r199,r199,r199,r199,r199,r199,r199,r199,r199,r199,r199
155,r201,r201,r201,r201,r201,r201,r201,r201,r201,r201,r201,r201,r201,r201,r201,r201,r201,r201,r201,r201,r201,r201,r201,r201,r201,r201,r201,r201,r201,r201,r201,r201,r201,r201,r201,r201,r201,r201,r201,r201,r201,r201,r201,r201,r201,r201,r201,r201,r201,r201,r201,r201,r201,r201,r201,r201,r201,r201,r201,r201,r201,r201,r201,r201,r201,r201,r201,r201,r201,r201,r201,r201,r201,r201,r201,r201,r201,r201
156,,,,,,,,,,,,,,,,,,,,,,,,,,,,,,,,,,,,,,,,,,,,,,,,,,,,,,,,,,,,,,,,,,,,,,,,,,,s235,s200,,
157,,s1,s2,s3,s4,s5,s6,s7,s8,s9,s10,s11,s12,s13,s14,,,,,,,,,,,,,,,s70,,,s72,s73,s121,s75,s76,s77,s78,s79,s80,,,,,,,,,,,,,,s81,,,s82,,,s83,s84,,,,,,,s85,s86,s87,,,,,,,
158,r27,r27,r27,r27,r27,r27,r27,r27,r27,r27,r27,r27,r27,r27,r27,r27,r27,r27,r27,r27,r27,r27,r27,r27,r27,r27,r27,r27,r27,r27,r27,r27,r27,r27,r27,r27,r27,r27,r27,r27,r27,r27,r27,r27,r27,r27,r27,r27,r27,r27,r27,r27,r27,r27,r27,r27,r27,r27,r27,r27,r27,r27,r27,r27,r27,r27,r27,r27,r27,r27,r27,r27,r27,r27,r27,r27,r27,r27
159,,,,,,,,,,,,,,,,,,,,s61,s62,s63,,s64,s65,s66,s67,s68,s69,s70,s44,,s72,s73,s74,s75,s76,s77,s78,s79,s80,,,,,,,,,,,,,,s81,,,s82,,,s83,s84,,,,,,,s85,s86,s87,,,,s88,,,
160,,s1,s2,s3,s4,s5,s6,s7,s8,s9,s10,s11,s12,s13,s14,,,,,,,,,,,,,,,s70,,,s72,s73,s121,s75,s76,s77,s78,s79,s80,,,,,,,,,,,,,,s81,,,s82,,,s83,s84,,,,,,,s85,s86,s87,,,,,,,
161,r24,r24,r24,r24,r24,r24,r24,r24,r24,r24,r24,r24,r24,r24,r24,r24,r24,r24,r24,r24,r24,r24,r24,r24,r24,r24,r24,r24,r24,r24,r24,r24,r24,r24,r24,r24,r24,r24,r24,r24,r24,r24,r24,r24,r24,r24,r24,r24,r24,r24,r24,r24,r24,r24,r24,r24,r24,r24,r24,r24,r24,r24,r24,r24,r24,r24,r24,r24,r24,r24,r24,r24,r24,r24,r24,r24,r24,r24
162,r25,r25,r25,r25,r25,r25,r25,r25,r25,r25,r25,r25,r25,r25,r25,r25,r25,r25,r25,r25,r25,r25,r25,r25,r25,r25,r25,r25,r25,r25,r25,r25,r25,r25,r25,r25,r25,r25,r25,r25,r25,r25,r25,r25,r25,r25,r25,r25,r25,r25,r25,r25,r25,r25,r25,r25,r25,r25,r25,r25,r25,r25,r25,r25,r25,r25,r25,r25,r25,r25,r25,r25,r25,r25,r25,r25,r25,r25
163,,,,,,,,,,,,,,,,,,,,,,,,,,,,,,,,,,,,,,,,,,,,,,,,,,,,,,,,,,,,,,,,,,,,,,,,s240,,,,s200,,
164,r137,r137,r137,r137,r137,r137,r137,r137,r137,r137,r137,r137,r137,r137,r137,r137,r137,r137,r137,r137,r137,r137,r137,r137,r137,r137,r137,r137,r137,r137,r137,r137,r137,r137,r137,r137,r137,r137,r137,r137,r137,r137,r137,r137,r137,r137,r137,r137,r137,r137,r137,r137,r137,r137,r137,r137,r137,r137,r137,r137,r137,r137,r137,r137,r137,r137,r137,r137,r137,s27,s241,r137,s211,r137,r137,r137,r137,r137
165,,,,,,,,,,,,,,,,,,,,,,,,,,,,,,,,,,,,,,,,,,,,,,,,,,,,,,,,,,,,,,,,,,,,,,,,s244,,,,,,
166,r17,r17,r17,r17,r17,r17,r17,r17,r17,r17,r17,r17,r17,r17,r17,r17,r17,r17,r17,r17,r17,r17,r17,r17,r17,r17,r17,r17,r17,r17,r17,r17,r17,r17,r17,r17,r17,r17,r17,r17,r17,r17,r17,r17,r17,r17,r17,r17,r17,r17,r17,r17,r17,r17,r17,r17,r17,r17,r17,r17,r17,r17,r17,r17,r17,r17,r17,r17,r17,r17,r17,r17,r17,r17,r17,r17,r17,r17
167,r18,r18,r18,r18,r18,r18,r18,r18,r18,r18,r18,r18,r18,r18,r18,r18,r18,r18,r18,r18,r18,r18,r18,r18,r18,r18,r18,r18,r18,r18,r18,r18,r18,r18,r18,r18,r18,r18,r18,r18,r18,r18,r18,r18,r18,r18,r18,r18,r18,r18,r18,r18,r18,r18,r18,r18,r18,r18,r18,r18,r18,r18,r18,r18,r18,r18,r18,r18,r18,r18,r18,r18,r18,r18,r18,r18,r18,r18
168,,,,,,,,,,,,,,,,,,,,,,,,,,,,,,,,,,,s245,,,,,,,,,,,,,,,,,,,,,,,,,,,,,,,,,,,,,,,,,,,
169,,,,,,,,,,,,,,,,,,,,,,,,,,,,,,s70,,,s72,s73,s121,s75,s76,s77,s78,s79,s80,,,,,,,,,,,,,,s81,,,s82,,,s83,s84,,,,,,,s85,s86,s87,s246,,,,,,
170,,,,,,,,,,,,,,,,,,,,,,,,,,,,,,s70,,,s72,s73,s121,s75,s76,s77,s78,s79,s80,,,,,,,,,,,,,,s81,,,s82,,,s83,s84,,,,,,,s85,s86,s87,,,,,,,
171,,,,,,,,,,,,,,,,,,,,,,,,,,,,,,,,,,,s250,,,,,,,,,,,,,,,,,,,,,,,,,,,,,,,,,,,,,,,,,,,
172,r69,r69,r69,r69,r69,r69,r69,r69,r69,r69,r69,r69,r69,r69,r69,r69,r69,r69,r69,r69,r69,r69,r69,r69,r69,r69,r69,r69,r69,r69,r69,r69,r69,r69,r69,r69,r69,r69,r69,r69,r69,r69,r69,r69,r69,r69,r69,r69,r69,r69,r69,r69,r69,r69,r69,r69,r69,r69,r69,r69,r69,r69,r69,r69,r69,r69,r69,r69,r69,r69,r69,r69,r69,r69,r69,r69,r69,r69
173,r73,r73,r73,r73,r73,r73,r73,r73,r73,r73,r73,r73,r73,r73,r73,r73,r73,r73,r73,r73,r73,r73,r73,r73,r73,r73,r73,r73,r73,r73,r73,r73,r73,r73,r73,r73,r73,r73,r73,r73,r73,r73,r73,r73,r73,r73,r73,r73,r73,r73,r73,r73,r73,r73,r73,r73,r73,r73,r73,r73,r73,r73,r73,r73,r73,r73,r73,r73,r73,r73,r73,r73,r73,r73,r73,r73,r73,r73
174,r74,r74,r74,r74,r74,r74,r74,r74,r74,r74,r74,r74,r74,r74,r74,r74,r74,r74,r74,r74,r74,r74,r74,r74,r74,r74,r74,r74,r74,r74,r74,r74,r74,r74,r74,r74,r74,r74,r74,r74,r74,r74,r74,r74,r74,r74,r74,r74,r74,r74,r74,r74,r74,r74,r74,r74,r74,r74,r74,r74,r74,r74,r74,r74,r74,r74,r74,r74,r74,r74,r74,r74,r74,r74,r74,r74,r74,r74
175,r70,r70,r70,r70,r70,r70,r70,r70,r70,r70,r70,r70,r70,r70,r70,r70,r70,r70,r70,r70,r70,r70,r70,r70,r70,r70,r70,r70,r70,r70,r70,r70,r70,r70,r70,r70,r70,r70,r70,r70,r70,r70,r70,r70,r70,r70,r70,r70,r70,r70,r70,r70,r70,r70,r70,r70,r70,r70,r70,r70,r70,r70,r70,r70,r70,r70,r70,r70,r70,r70,r70,r70,r70,r70,r70,r70,r70,r70
176,r71,r71,r71,r71,r71,r71,r71,r71,r71,r71,r71,r71,r71,r71,r71,r71,r71,r71,r71,r71,r71,r71,r71,r71,r71,r71,r71,r71,r71,r71,r71,r71,r71,r71,r71,r71,r71,r71,r71,r71,r71,r71,r71,r71,r71,r71,r71,r71,r71,r71,r71,r71,r71,r71,r71,r71,r71,r71,r71,r71,r71,r71,r71,r71,r71,r71,r71,r71,r71,r71,r71,r71,r71,r71,r71,r71,r71,r71
177,r72,r72,r72,r72,r72,r72,r72,r72,r72,r72,r72,r72,r72,r72,r72,r72,r72,r72,r72,r72,r72,r72,r72,r72,r72,r72,r72,r72,r72,r72,r72,r72,r72,r72,r72,r72,r72,r72,r72,r72,r72,r72,r72,r72,r72,r72,r72,r72,r72,r72,r72,r72,r72,r72,r72,r72,r72,r72,r72,r72,r72,r72,r72,r72,r72,r72,r72,r72,r72,r72,r72,r72,r72,r72,r72,r72,r72,r72
178,,,,,,,,,,,,,,,,,,,,,,,,,,,,,,s70,,,s72,s73,s121,s75,s76,s77,s78,s79,s80,,,,,,,,,,,,,,s81,,,s82,,,s83,s84,,,,,,,s85,s86,s87,,,,,,,
179,r26,r26,r26,r26,r26,r26,r26,r26,r26,r26,r26,r26,r26,r26,r26,r26,r26,r26,r26,r26,r26,r26,r26,r26,r26,r26,r26,r26,r26,r26,r26,r26,r26,r26,r26,r26,r26,r26,r26,r26,r26,r26,r26,r26,r26,r26,r26,r26,r26,r26,r26,r26,r26,r26,r26,r26,r26,r26,r26,r26,r26,r26,r26,r26,r26,r26,r26,r26,r26,r26,r26,r26,r26,r26,r26,r26,r26,r26
180,,,,,,,,,,,,,,,,,,,,,,,,,,,,,,s70,,,s72,s73,s121,s75,s76,s77,s78,s79,s80,,,,,,,,,,,,,,s81,,,s82,,,s83,s84,,,,,,,s85,s86,s87,,,,,,,
181,,,,,,,,,,,,,,,,,,,,,,,,,,,,,,s70,,,s72,s73,s121,s75,s76,s77,s78,s79,s80,,,,,,,,,,,,,,s81,,,s82,,,s83,s84,,,,,,,s85,s86,s87,,,,,,,
182,,,,,,,,,,,,,,,,,,,,,,,,,,,,,,s70,,,s72,s73,s121,s75,s76,s77,s78,s79,s80,,,,,,,,,,,,,,s81,,,s82,,,s83,s84,,,,,,,s85,s86,s87,,,,,,,
183,,,,,,,,,,,,,,,,,,,,,,,,,,,,,,s70,,,s72,s73,s121,s75,s76,s77,s78,s79,s80,,,,,,,,,,,,,,s81,,,s82,,,s83,s84,,,,,,,s85,s86,s87,,,,,,,
184,,,,,,,,,,,,,,,,,,,,,,,,,,,,,,s70,,,s72,s73,s121,s75,s76,s77,s78,s79,s80,,,,,,,,,,,,,,s81,,,s82,,,s83,s84,,,,,,,s85,s86,s87,,,,,,,
185,,,,,,,,,,,,,,,,,,,,,,,,,,,,,,s70,,,s72,s73,s121,s75,s76,s77,s78,s79,s80,,,,,,,,,,,,,,s81,,,s82,,,s83,s84,,,,,,,s85,s86,s87,,,,,,,
186,,,,,,,,,,,,,,,,,,,,,,,,,,,,,,s70,,,s72,s73,s121,s75,s76,s77,s78,s79,s80,,,,,,,,,,,,,,s81,,,s82,,,s83,s84,,,,,,,s85,s86,s87,,,,,,,
187,,,,,,,,,,,,,,,,,,,,,,,,,,,,,,s70,,,s72,s73,s121,s75,s76,s77,s78,s79,s80,,,,,,,,,,,,,,s81,,,s82,,,s83,s84,,,,,,,s85,s86,s87,,,,,,,
188,,,,,,,,,,,,,,,,,,,,,,,,,,,,,,s70,,,s72,s73,s121,s75,s76,s77,s78,s79,s80,,,,,,,,,,,,,,s81,,,s82,,,s83,s84,,,,,,,s85,s86,s87,,,,,,,
189,,,,,,,,,,,,,,,,,,,,,,,,,,,,,,s70,,,s72,s73,s121,s75,s76,s77,s78,s79,s80,,,,,,,,,,,,,,s81,,,s82,,,s83,s84,,,,,,,s85,s86,s87,,,,,,,
190,,,,,,,,,,,,,,,,,,,,,,,,,,,,,,s70,,,s72,s73,s121,s75,s76,s77,s78,s79,s80,,,,,,,,,,,,,,s81,,,s82,,,s83,s84,,,,,,,s85,s86,s87,,,,,,,
191,,,,,,,,,,,,,,,,,,,,,,,,,,,,,,s70,,,s72,s73,s121,s75,s76,s77,s78,s79,s80,,,,,,,,,,,,,,s81,,,s82,,,s83,s84,,,,,,,s85,s86,s87,,,,,,,
192,,,,,,,,,,,,,,,,,,,,,,,,,,,,,,s70,,,s72,s73,s121,s75,s76,s77,s78,s79,s80,,,,,,,,,,,,,,s81,,,s82,,,s83,s84,,,,,,,s85,s86,s87,,,,,,,
193,,,,,,,,,,,,,,,,,,,,,,,,,,,,,,s70,,,s72,s73,s121,s75,s76,s77,s78,s79,s80,,,,,,,,,,,,,,s81,,,s82,,,s83,s84,,,,,,,s85,s86,s87,,,,,,,
194,,,,,,,,,,,,,,,,,,,,,,,,,,,,,,s70,,,s72,s73,s121,s75,s76,s77,s78,s79,s80,,,,,,,,,,,,,,s81,,,s82,,,s83,s84,,,,,,,s85,s86,s87,,,,,,,
195,,,,,,,,,,,,,,,,,,,,,,,,,,,,,,s70,,,s72,s73,s121,s75,s76,s77,s78,s79,s80,,,,,,,,,,,,,,s81,,,s82,,,s83,s84,,,,,,,s85,s86,s87,,,,,,,
196,,,,,,,,,,,,,,,,,,,,,,,,,,,,,,s70,,,s72,s73,s121,s75,s76,s77,s78,s79,s80,,,,,,,,,,,,,,s81,,,s82,,,s83,s84,,,,,,,s85,s86,s87,,,,,,,
197,,,,,,,,,,,,,,,,,,,,,,,,,,,,,,s70,,,s72,s73,s121,s75,s76,s77,s78,s79,s80,,,,,,,,,,,,,,s81,,,s82,,,s83,s84,,,,,,,s85,s86,s87,,,,,,,
198,,,,,,,,,,,,,,,,,,,,,,,,,,,,,,s70,,,s72,s73,s121,s75,s76,s77,s78,s79,s80,,,,,,,,,,,,,,s81,,,s82,,,s83,s84,,,,,,,s85,s86,s87,,,,,,,
199,r171,r171,r171,r171,r171,r171,r171,r171,r171,r171,r171,r171,r171,r171,r171,r171,r171,r171,r171,r171,r171,r171,r171,r171,r171,r171,r171,r171,r171,r171,r171,r171,r171,r171,r171,r171,r171,r171,r171,r171,r171,r171,r171,r171,r171,r171,r171,r171,r171,r171,r171,r171,r171,r171,r171,r171,r171,r171,r171,r171,r171,r171,r171,r171,r171,r171,r171,r171,r171,r171,r171,r171,r171,r171,r171,r171,r171,r171
200,,,,,,,,,,,,,,,,,,,,,,,,,,,,,,s70,,,s72,s73,s121,s75,s76,s77,s78,s79,s80,,,,,,,,,,,,,,s81,,,s82,,,s83,s84,,,,,,,s85,s86,s87,,,,,,,
201,r165,r165,r165,r165,r165,r165,r165,r165,r165,r165,r165,r165,r165,r165,r165,r165,r165,r165,r165,r165,r165,r165,r165,r165,r165,r165,r165,r165,r165,r165,r165,r165,r165,r165,r165,r165,r165,r165,r165,r165,r165,r165,r165,r165,r165,r165,r165,r165,r165,r165,r165,r165,r165,r165,r165,r165,r165,r165,r165,r165,r165,r165,r165,r165,r165,r165,r165,r165,r165,r165,r165,r165,r165,r165,r165,r165,r165,r165
202,r167,r167,r167,r167,r167,r167,r167,r167,r167,r167,r167,r167,r167,r167,r167,r167,r167,r167,r167,r167,r167,r167,r167,r167,r167,r167,r167,r167,r167,r167,r167,r167,r167,r167,r167,r167,r167,r167,r167,r167,r167,r167,r167,r167,r167,r167,r167,r167,r167,r167,r167,r167,r167,r167,r167,r167,r167,r167,r167,r167,r167,r167,r167,r167,r167,r167,r167,r167,r167,r167,r167,r167,r167,r167,r167,r167,r167,r167
203,,,,,,,,,,,,,,,,,,,,,,,,,,,,,,s70,,,s72,s73,s121,s75,s76,s77,s78,s79,s80,,,,,,,,,,,,,,s81,,,s82,,,s83,s84,,,,,,,s85,s86,s87,,,,,,,
204,,,,,,,,,,,,,,,,,,,,,,,,,,,,,,,,,,,s273,,,,,,,,,,,,,,,,,,,,,,,,,,,,,,,,,,,,,,,,,,,
205,r154,r154,r154,r154,r154,r154,r154,r154,r154,r154,r154,r154,r154,r154,r154,r154,r154,r154,r154,r154,r154,r154,r154,r154,r154,r154,r154,r154,r154,r154,r154,r154,r154,r154,r154,r154,r154,r154,r154,r154,r154,r154,r154,r154,r154,r154,r154,r154,r154,r154,r154,r154,r154,r154,r154,r154,r154,r154,r154,r154,r154,r154,r154,r154,r154,r154,r154,r154,r154,r154,r154,r154,r154,r154,r154,r154,r154,r154
206,,,,,,,,,,,,,,,,,,,,,,,,,,,,,,,,s274,,,,,,,,,,,,,,,,,,,,,,,,,,,,,,,,,,,,,,,,,,,,s275,,
207,,,,,,,,,,,,,,,,,,,,,,,,,,,,,,s70,s120,,s72,s73,s121,s75,s76,s77,s78,s79,s80,,,,,,,,,,,,,,s81,,,s82,,,s83,s84,,,,,,,s85,s86,s87,,,,,,,
208,,,,,,,,,,,,,,,,,,,,,,,,,,,,,,,,,,,,,,,,,,,,,s277,,,,,,,,,,,,,,,,,,,,,,,,,,,,s203,,,,s204,
209,r158,r158,r158,r158,r158,r158,r158,r158,r158,r158,r158,r158,r158,r158,r158,r158,r158,r158,r158,r158,r158,r158,r158,r158,r158,r158,r158,r158,r158,r158,r158,r158,r158,r158,r158,r158,r158,r158,r158,r158,r158,r158,r158,r158,r158,r158,r158,r158,r158,r158,r158,r158,r158,r158,r158,r158,r158,r158,r158,r158,r158,r158,r158,r158,r158,r158,r158,r158,r158,r158,r158,r158,r158,r158,r158,r158,r158,r158
210,,s1,s2,s3,s4,s5,s6,s7,s8,s9,s10,s11,s12,s13,s14,s15,s16,,,,,,,,,,,,,,,,,,s26,,,,,,,,,,,,,,,,,,,,,,,,,,,,,,,,,,,s27,s210,s279,s211,,,,,
211,,,,,,,,,,,,,,,,,,,,,,,,,,,,,,s70,,,s72,s73,s121,s75,s76,s77,s78,s79,s80,,,,,,,,,,,,,,s81,,,s82,,,s83,s84,,,,,,,s85,s86,s87,,,s282,,,,
212,r131,r131,r131,r131,r131,r131,r131,r131,r131,r131,r131,r131,r131,r131,r131,r131,r131,r131,r131,r131,r131,r131,r131,r131,r131,r131,r131,r131,r131,r131,r131,r131,r131,r131,r131,r131,r131,r131,r131,r131,r131,r131,r131,r131,r131,r131,r131,r131,r131,r131,r131,r131,r131,r131,r131,r131,r131,r131,r131,r131,r131,r131,r131,r131,r131,r131,r131,r131,r131,r131,r131,r131,r131,r131,r131,r131,r131,r131
213,r139,r139,r139,r139,r139,r139,r139,r139,r139,r139,r139,r139,r139,r139,r139,r139,r139,r139,r139,r139,r139,r139,r139,r139,r139,r139,r139,r139,r139,r139,r139,r139,r139,r139,s26,r139,r139,r139,r139,r139,r139,r139,r139,r139,r139,r139,r139,r139,r139,r139,r139,r139,r139,r139,r139,r139,r139,r139,r139,r139,r139,r139,r139,r139,r139,r139,r139,r139,r139,r139,s210,r139,s211,r139,r139,r139,r139,r139
214,r132,r132,r132,r132,r132,r132,r132,r132,r132,r132,r132,r132,r132,r132,r132,r132,r132,r132,r132,r132,r132,r132,r132,r132,r132,r132,r132,r132,r132,r132,r132,r132,r132,r132,r132,r132,r132,r132,r132,r132,r132,r132,r132,r132,r132,r132,r132,r132,r132,r132,r132,r132,r132,r132,r132,r132,r132,r132,r132,r132,r132,r132,r132,r132,r132,r132,r132,r132,r132,r132,r132,r132,r132,r132,r132,r132,r132,r132
215,r140,r140,r140,r140,r140,r140,r140,r140,r140,r140,r140,r140,r140,r140,r140,r140,r140,r140,r140,r140,r140,r140,r140,r140,r140,r140,r140,r140,r140,r140,r140,r140,r140,r140,r140,r140,r140,r140,r140,r140,r140,r140,r140,r140,r140,r140,r140,r140,r140,r140,r140,r140,r140,r140,r140,r140,r140,r140,r140,r140,r140,r140,r140,r140,r140,r140,r140,r140,r140,r140,s285,r140,s286,r140,r140,r140,r140,r140
216,r123,r123,r123,r123,r123,r123,r123,r123,r123,r123,r123,r123,r123,r123,r123,r123,r123,r123,r123,r123,r123,r123,r123,r123,r123,r123,r123,r123,r123,r123,r123,r123,r123,r123,r123,r123,r123,r123,r123,r123,r123,r123,r123,r123,r123,r123,r123,r123,r123,r123,r123,r123,r123,r123,r123,r123,r123,r123,r123,r123,r123,r123,r123,r123,r123,r123,r123,r123,r123,r123,r123,r123,r123,r123,r123,r123,r123,r123
217,,s1,s2,s3,s4,s5,s6,s7,s8,s9,s10,s11,s12,s13,s14,s15,s16,,,,,,,,,,,,,,,,,,,,,,,,,,,,,,,,,,,,,,,,,,,,,,,,,,,,,,,,,,,,,
218,r125,r125,r125,r125,r125,r125,r125,r125,r125,r125,r125,r125,r125,r125,r125,r125,r125,r125,r125,r125,r125,r125,r125,r125,r125,r125,r125,r125,r125,r125,r125,r125,r125,r125,r125,r125,r125,r125,r125,r125,r125,r125,r125,r125,r125,r125,r125,r125,r125,r125,r125,r125,r125,r125,r125,r125,r125,r125,r125,r125,r125,r125,r125,r125,r125,r125,r125,r125,r125,r125,r125,r125,r125,r125,r125,r125,r125,r125
219,,,,,,,,,,,,,,,,,,,,,,,,,,,,,,,,,,,s288,,,,,,,,,,,,,,,,,,,,,,,,,,,,,,,,,,,,,,,,,,,
220,r122,r122,r122,r122,r122,r122,r122,r122,r122,r122,r122,r122,r122,r122,r122,r122,r122,r122,r122,r122,r122,r122,r122,r122,r122,r122,r122,r122,r122,r122,r122,r122,r122,r122,r122,r122,r122,r122,r122,r122,r122,r122,r122,r122,r122,r122,r122,r122,r122,r122,r122,r122,r122,r122,r122,r122,r122,r122,r122,r122,r122,r122,r122,r122,r122,r122,r122,r122,r122,r122,r122,r122,r122,r122,r122,r122,r122,r122
221,r114,r114,r114,r114,r114,r114,r114,r114,r114,r114,r114,r114,r114,r114,r114,r114,r114,r114,r114,r114,r114,r114,r114,r114,r114,r114,r114,r114,r114,r114,r114,r114,r114,r114,r114,r114,r114,r114,r114,r114,r114,r114,r114,r114,r114,r114,r114,r114,r114,r114,r114,r114,r114,r114,r114,r114,r114,r114,r114,r114,r114,r114,r114,r114,r114,r114,r114,r114,r114,r114,r114,r114,r114,r114,r114,r114,r114,r114
222,r109,r109,r109,r109,r109,r109,r109,r109,r109,r109,r109,r109,r109,r109,r109,r109,r109,r109,r109,r109,r109,r109,r109,r109,r109,r109,r109,r109,r109,r109,r109,r109,r109,r109,r109,r109,r109,r109,r109,r109,r109,r109,r109,r109,r109,r109,r109,r109,r109,r109,r109,r109,r109,r109,r109,r109,r109,r109,r109,r109,r109,r109,r109,r109,r109,r109,r109,r109,r109,r109,r109,r109,r109,r109,r109,r109,r109,r109
223,,,,,,,,,,,,,,,,,,,,,,,,,,,,,,,,,,,s26,,,,,,,,,,,,,,,,,,,,,,,,,,,,,,,,,,,s27,s28,,,,,,,s139
224,,,,,,,,,,,,,,,,,,,,,,,,,,,,,,s70,,,s72,s73,s121,s75,s76,s77,s78,s79,s80,,,,,,,,,,,,,,s81,,,s82,,,s83,s84,,,,,,,s85,s86,s87,,,,,,,
225,,,,,,,,,,,,,,,,,,,,,,,,,,,,,,,,,,,,,,,,,,,,,,,,,,,,,,,,,,,,,,,,,,,,,,,,s291,,,,s200,,
226,,,,,,,,,,,,,,,,,,,,,,,,,,,,,,s70,,,s72,s73,s121,s75,s76,s77,s78,s79,s80,,,,,,,,,,,,,,s81,,,s82,,,s83,s84,,,,,,,s85,s86,s87,,,,s88,,,
227,,,,,,,,,,,,,,,,,,,,,,,,,,,,,,s70,,,s72,s73,s121,s75,s76,s77,s78,s79,s80,,,,,,,,,,,,,,s81,,,s82,,,s83,s84,,,,,,,s85,s86,s87,,,,s88,,,
228,,,,,,,,,,,,,,,,,,,,,,,,,,,,,,,,,,,,,,,,,,,,,,,,,,,,,,,,,,,,,,,,,,,,,,,,s294,,,,s200,,
229,,,,,,,,,,,,,,,,,,,,,,,,,,,,,,,,,,,,,,,,,,,,,,,,,,,,,,,,,,,,,,,,,,,,,,,s295,,,,,,,
230,,,,,,,,,,,,,,,,,,,,,,,,,,,,,,,,,,,,,,,,,,,,,,,,,,,,,,,,,,,,,,,,,,,,,,,s296,,,,,,,
231,,,,,,,,,,,,,,,,,,,,,,,,,,,,,,,,,,,,,,,,,,,,,,,,,,,,,,,,,,,,,,,,,,,,,,,,s297,,,,s200,,
232,,,,,,,,,,,,,,,,,,,,s61,s62,s63,,s64,s65,s66,s67,s68,s69,s70,s44,,s72,s73,s74,s75,s76,s77,s78,s79,s80,,,,,,,,,,,,,,s81,,,s82,,,s83,s84,,,,,,,s85,s86,s87,,,,s88,,,
233,r178,r178,r178,r178,r178,r178,r178,r178,r178,r178,r178,r178,r178,r178,r178,r178,r178,r178,r178,r178,r178,r178,r178,r178,r178,r178,r178,r178,r178,r178,r178,r178,r178,r178,r178,r178,r178,r178,r178,r178,r178,r178,r178,r178,r178,r178,r178,r178,r178,r178,r178,r178,r178,r178,r178,r178,r178,r178,r178,r178,r178,r178,r178,r178,r178,r178,r178,r178,r178,r178,r178,r178,r178,r178,r178,r178,r178,r178
234,r183,r183,r183,r183,r183,r183,r183,r183,r183,r183,r183,r183,r183,r183,r183,r183,r183,r183,r183,r183,r183,r183,r183,r183,r183,r183,r183,r183,r183,r183,r183,r183,r183,r183,r183,r183,r183,r183,r183,r183,r183,r183,r183,r183,r183,r183,r183,r183,r183,r183,r183,r183,r183,r183,r183,r183,r183,r183,r183,r183,r183,r183,r183,r183,r183,r183,r183,r183,r183,r183,r183,r183,r183,r183,r183,r183,r183,r183
235,r202,r202,r202,r202,r202,r202,r202,r202,r202,r202,r202,r202,r202,r202,r202,r202,r202,r202,r202,r202,r202,r202,r202,r202,r202,r202,r202,r202,r202,r202,r202,r202,r202,r202,r202,r202,r202,r202,r202,r202,r202,r202,r202,r202,r202,r202,r202,r202,r202,r202,r202,r202,r202,r202,r202,r202,r202,r202,r202,r202,r202,r202,r202,r202,r202,r202,r202,r202,r202,r202,r202,r202,r202,r202,r202,r202,r202,r202
236,,,,,,,,,,,,,,,,,,,,,,,,,,,,,,,,,,,,,,,,,,,,,,,,,,,,,,,,,,,,,,,,,,,,,,,,s300,,,,,,
237,r176,r176,r176,r176,r176,r176,r176,r176,r176,r176,r176,r176,r176,r176,r176,r176,r176,r176,r176,r176,r176,r176,r176,r176,r176,r176,r176,r176,r176,r176,r176,r176,r176,r176,r176,r176,r176,r176,r176,r176,r176,r176,r176,r176,r176,r176,r176,r176,r176,r176,r176,r176,r176,r176,r176,r176,r176,r176,r176,r176,r176,r176,r176,r176,r176,r176,r176,r176,r176,r176,r176,r176,r176,r176,r176,r176,r176,r176
238,r181,r181,r181,r181,r181,r181,r181,r181,r181,r181,r181,r181,r181,r181,r181,r181,r181,r181,r181,r181,r181,r181,r181,r181,r181,r181,r181,r181,r181,r181,r181,r181,r181,r181,r181,r181,r181,r181,r181,r181,r181,r181,r181,r181,r181,r181,r181,r181,r181,r181,r181,r181,r181,r181,r181,r181,r181,r181,r181,r181,r181,r181,r181,r181,r181,r181,r181,r181,r181,r181,r181,r181,r181,r181,r181,r181,r181,r181
239,,,,,,,,,,,,,,,,,,,,,,,,,,,,,,,,,,,,,,,,,,,,,,,,,,,,,,,,,,,,,,,,,,,,,,,,s301,,,,,,
240,r6,r6,r6,r6,r6,r6,r6,r6,r6,r6,r6,r6,r6,r6,r6,r6,r6,r6,r6,r6,r6,r6,r6,r6,r6,r6,r6,r6,r6,r6,r6,r6,r6,r6,r6,r6,r6,r6,r6,r6,r6,r6,r6,r6,r6,r6,r6,r6,r6,r6,r6,r6,r6,r6,r6,r6,r6,r6,r6,r6,r6,r6,r6,r6,r6,r6,r6,r6,r6,r6,r6,r6,r6,r6,r6,r6,r6,r6
241,,s1,s2,s3,s4,s5,s6,s7,s8,s9,s10,s11,s12,s13,s14,s15,s16,,,,,,,,,,,,,,,,,,,,,,,,,,,,,,,,,,,,,,,,,,,,,,,,,,,,,s27,s241,s279,s211,,,,,
242,r139,r139,r139,r139,r139,r139,r139,r139,r139,r139,r139,r139,r139,r139,r139,r139,r139,r139,r139,r139,r139,r139,r139,r139,r139,r139,r139,r139,r139,r139,r139,r139,r139,r139,r139,r139,r139,r139,r139,r139,r139,r139,r139,r139,r139,r139,r139,r139,r139,r139,r139,r139,r139,r139,r139,r139,r139,r139,r139,r139,r139,r139,r139,r139,r139,r139,r139,r139,r139,r139,s241,r139,s211,r139,r139,r139,r139,r139
243,r136,r136,r136,r136,r136,r136,r136,r136,r136,r136,r136,r136,r136,r136,r136,r136,r136,r136,r136,r136,r136,r136,r136,r136,r136,r136,r136,r136,r136,r136,r136,r136,r136,r136,r136,r136,r136,r136,r136,r136,r136,r136,r136,r136,r136,r136,r136,r136,r136,r136,r136,r136,r136,r136,r136,r136,r136,r136,r136,r136,r136,r136,r136,r136,r136,r136,r136,r136,r136,r136,r136,r136,r136,r136,r136,r136,r136,r136
244,,,,,,,,,,,,,,,,,,,,,,,,,,,,,,s70,s302,,s72,s73,s121,s75,s76,s77,s78,s79,s80,,,,,,,,,,,,,,s81,,,s82,,,s83,s84,,,,,,,s85,s86,s87,,,,,,,
245,r16,r16,r16,r16,r16,r16,r16,r16,r16,r16,r16,r16,r16,r16,r16,r16,r16,r16,r16,r16,r16,r16,r16,r16,r16,r16,r16,r16,r16,r16,r16,r16,r16,r16,r16,r16,r16,r16,r16,r16,r16,r16,r16,r16,r16,r16,r16,r16,r16,r16,r16,r16,r16,r16,r16,r16,r16,r16,r16,r16,r16,r16,r16,r16,r16,r16,r16,r16,r16,r16,r16,r16,r16,r16,r16,r16,r16,r16
246,r13,r13,r13,r13,r13,r13,r13,r13,r13,r13,r13,r13,r13,r13,r13,r13,r13,r13,r13,r13,r13,r13,r13,r13,r13,r13,r13,r13,r13,r13,r13,r13,r13,r13,r13,r13,r13,r13,r13,r13,r13,r13,r13,r13,r13,r13,r13,r13,r13,r13,r13,r13,r13,r13,r13,r13,r13,r13,r13,r13,r13,r13,r13,r13,r13,r13,r13,r13,r13,r13,r13,r13,r13,r13,r13,r13,r13,r13
247,,,,,,,,,,,,,,,,,,,,,,,,,,,,,,,,,,,,,,,,,,,,,,,,,,,,,,,,,,,,,,,,,,,,,,,,s304,,,,s305,,
248,r21,r21,r21,r21,r21,r21,r21,r21,r21,r21,r21,r21,r21,r21,r21,r21,r21,r21,r21,r21,r21,r21,r21,r21,r21,r21,r21,r21,r21,r21,r21,r21,r21,r21,r21,r21,r21,r21,r21,r21,r21,r21,r21,r21,r21,r21,r21,r21,r21,r21,r21,r21,r21,r21,r21,r21,r21,r21,r21,r21,r21,r21,r21,r21,r21,r21,r21,r21,r21,r21,r21,r21,r21,r21,r21,r21,r21,r21
249,,,,,,,,,,,,,,,,,,,,,,,,,,,,,,,,,,,,,,,,,,,,,,,,,,,,,,,,,,,,,,,,,,,,,,,,,,s306,,s200,,
250,r15,r15,r15,r15,r15,r15,r15,r15,r15,r15,r15,r15,r15,r15,r15,r15,r15,r15,r15,r15,r15,r15,r15,r15,r15,r15,r15,r15,r15,r15,r15,r15,r15,r15,r15,r15,r15,r15,r15,r15,r15,r15,r15,r15,r15,r15,r15,r15,r15,r15,r15,r15,r15,r15,r15,r15,r15,r15,r15,r15,r15,r15,r15,r15,r15,r15,r15,r15,r15,r15,r15,r15,r15,r15,r15,r15,r15,r15
251,r68,r68,r68,r68,r68,r68,r68,r68,r68,r68,r68,r68,r68,r68,r68,r68,r68,r68,r68,r68,r68,r68,r68,r68,r68,r68,r68,r68,r68,r68,r68,r68,r68,r68,r68,r68,r68,r68,r68,r68,r68,r68,r68,r68,r68,r68,r68,r68,r68,r68,r68,r68,r68,r68,r68,r68,r68,r68,r68,r68,r68,r68,r68,r68,r68,r68,r68,r68,r68,r68,r68,r68,r68,r68,r68,r68,r68,r68
252,r38,r38,r38,r38,r38,r38,r38,r38,r38,r38,r38,r38,r38,r38,r38,r38,r38,r38,r38,r38,r38,r38,r38,r38,r38,r38,r38,r38,r38,r38,r38,r38,r38,r38,r38,r38,r38,r38,r38,r38,r38,r38,r38,r38,r38,r38,r38,r38,r38,r38,r38,r38,r38,r38,r38,r38,r38,r38,r38,r38,r38,r38,r38,r38,r38,r38,r38,r38,r38,r38,r38,r38,r38,r38,r38,r38,r38,r38
253,r39,r39,r39,r39,r39,r39,r39,r39,r39,r39,r39,r39,r39,r39,r39,r39,r39,r39,r39,r39,r39,r39,r39,r39,r39,r39,r39,r39,r39,r39,r39,r39,r39,r39,r39,r39,r39,r39,r39,r39,r39,r39,r39,r39,r39,r39,r39,r39,r39,r39,r39,r39,r39,r39,r39,r39,r39,r39,r39,r39,r39,r39,r39,r39,r39,r39,r39,r39,r39,r39,r39,r39,r39,r39,r39,r39,r39,r39
254,r40,r40,r40,r40,r40,r40,r40,r40,r40,r40,r40,r40,r40,r40,r40,r40,r40,r40,r40,r40,r40,r40,r40,r40,r40,r40,r40,r40,r40,r40,r40,r40,r40,r40,r40,r40,r40,r40,r40,r40,r40,r40,r40,r40,r40,r40,r40,r40,r40,r40,r40,r40,r40,r40,r40,r40,r40,r40,r40,r40,r40,r40,r40,r40,r40,r40,r40,r40,r40,r40,r40,r40,r40,r40,r40,r40,r40,r40
255,r42,r42,r42,r42,r42,r42,r42,r42,r42,r42,r42,r42,r42,r42,r42,r42,r42,r42,r42,r42,r42,r42,r42,r42,r42,r42,r42,r42,r42,r42,r42,r42,r42,r42,r42,r42,r42,r42,r42,r42,r42,s180,s181,s182,r42,r42,r42,r42,r42,r42,r42,r42,r42,r42,r42,r42,r42,r42,r42,r42,r42,r42,r42,r42,r42,r42,r42,r42,r42,r42,r42,r42,r42,r42,r42,r42,r42,r42
256,r43,r43,r43,r43,r43,r43,r43,r43,r43,r43,r43,r43,r43,r43,r43,r43,r43,r43,r43,r43,r43,r43,r43,r43,r43,r43,r43,r43,r43,r43,r43,r43,r43,r43,r43,r43,r43,r43,r43,r43,r43,s180,s181,s182,r43,r43,r43,r43,r43,r43,r43,r43,r43,r43,r43,r43,r43,r43,r43,r43,r43,r43,r43,r43,r43,r43,r43,r43,r43,r43,r43,r43,r43,r43,r43,r43,r43,r43
257,r45,r45,r45,r45,r45,r45,r45,r45,r45,r45,r45,r45,r45,r45,r45,r45,r45,r45,r45,r45,r45,r45,r45,r45,r45,r45,r45,r45,r45,r45,r45,r45,r45,r45,r45,r45,r45,r45,r45,s183,s184,r45,r45,r45,r45,r45,r45,r45,r45,r45,r45,r45,r45,r45,r45,r45,r45,r45,r45,r45,r45,r45,r45,r45,r45,r45,r45,r45,r45,r45,r45,r45,r45,r45,r45,r45,r45,r45
258,r46,r46,r46,r46,r46,r46,r46,r46,r46,r46,r46,r46,r46,r46,r46,r46,r46,r46,r46,r46,r46,r46,r46,r46,r46,r46,r46,r46,r46,r46,r46,r46,r46,r46,r46,r46,r46,r46,r46,s183,s184,r46,r46,r46,r46,r46,r46,r46,r46,r46,r46,r46,r46,r46,r46,r46,r46,r46,r46,r46,r46,r46,r46,r46,r46,r46,r46,r46,r46,r46,r46,r46,r46,r46,r46,r46,r46,r46
259,r48,r48,r48,r48,r48,r48,r48,r48,r48,r48,r48,r48,r48,r48,r48,r48,r48,r48,r48,r48,r48,r48,r48,r48,r48,r48,r48,r48,r48,r48,r48,r48,r48,r48,r48,r48,r48,r48,r48,r48,r48,r48,r48,r48,r48,r48,r48,r48,r48,r48,r48,r48,r48,r48,r48,r48,r48,r48,s185,s186,r48,r48,r48,r48,r48,r48,r48,r48,r48,r48,r48,r48,r48,r48,r48,r48,r48,r48
260,r50,r50,r50,r50,r50,r50,r50,r50,r50,r50,r50,r50,r50,r50,r50,r50,r50,r50,r50,r50,r50,r50,r50,r50,r50,r50,r50,r50,r50,r50,r50,r50,r50,r50,r50,r50,r50,r50,r50,r50,r50,r50,r50,r50,r50,r50,r50,r50,r50,r50,r50,r50,r50,r50,r50,r50,r50,r50,s185,s186,r50,r50,r50,r50,r50,r50,r50,r50,r50,r50,r50,r50,r50,r50,r50,r50,r50,r50
261,r49,r49,r49,r49,r49,r49,r49,r49,r49,r49,r49,r49,r49,r49,r49,r49,r49,r49,r49,r49,r49,r49,r49,r49,r49,r49,r49,r49,r49,r49,r49,r49,r49,r49,r49,r49,r49,r49,r49,r49,r49,r49,r49,r49,r49,r49,r49,r49,r49,r49,r49,r49,r49,r49,r49,r49,r49,r49,s185,s186,r49,r49,r49,r49,r49,r49,r49,r49,r49,r49,r49,r49,r49,r49,r49,r49,r49,r49
262,r51,r51,r51,r51,r51,r51,r51,r51,r51,r51,r51,r51,r51,r51,r51,r51,r51,r51,r51,r51,r51,r51,r51,r51,r51,r51,r51,r51,r51,r51,r51,r51,r51,r51,r51,r51,r51,r51,r51,r51,r51,r51,r51,r51,r51,r51,r51,r51,r51,r51,r51,r51,r51,r51,r51,r51,r51,r51,s185,s186,r51,r51,r51,r51,r51,r51,r51,r51,r51,r51,r51,r51,r51,r51,r51,r51,r51,r51
263,r52,r52,r52,r52,r52,r52,r52,r52,r52,r52,r52,r52,r52,r52,r52,r52,r52,r52,r52,r52,r52,r52,r52,r52,r52,r52,r52,r52,r52,r52,r52,r52,r52,r52,r52,r52,r52,r52,r52,r52,r52,r52,r52,r52,r52,r52,r52,r52,r52,r52,r52,r52,r52,r52,r52,r52,r52,r52,s185,s186,r52,r52,r52,r52,r52,r52,r52,r52,r52,r52,r52,r52,r52,r52,r52,r52,r52,r52
264,r54,r54,r54,r54,r54,r54,r54,r54,r54,r54,r54,r54,r54,r54,r54,r54,r54,r54,r54,r54,r54,r54,r54,r54,r54,r54,r54,r54,r54,r54,r54,r54,r54,r54,r54,r54,r54,r54,r54,r54,r54,r54,r54,r54,r54,r54,r54,s187,s188,s189,s190,s191,r54,r54,r54,r54,r54,r54,r54,r54,r54,r54,r54,r54,r54,r54,r54,r54,r54,r54,r54,r54,r54,r54,r54,r54,r54,r54
265,r55,r55,r55,r55,r55,r55,r55,r55,r55,r55,r55,r55,r55,r55,r55,r55,r55,r55,r55,r55,r55,r55,r55,r55,r55,r55,r55,r55,r55,r55,r55,r55,r55,r55,r55,r55,r55,r55,r55,r55,r55,r55,r55,r55,r55,r55,r55,s187,s188,s189,s190,s191,r55,r55,r55,r55,r55,r55,r55,r55,r55,r55,r55,r55,r55,r55,r55,r55,r55,r55,r55,r55,r55,r55,r55,r55,r55,r55
266,r57,r57,r57,r57,r57,r57,r57,r57,r57,r57,r57,r57,r57,r57,r57,r57,r57,r57,r57,r57,r57,r57,r57,r57,r57,r57,r57,r57,r57,r57,r57,r57,r57,r57,r57,r57,r57,r57,r57,r57,r57,r57,r57,r57,r57,s192,s193,r57,r57,r57,r57,r57,r57,r57,r57,r57,r57,r57,r57,r57,r57,r57,r57,r57,r57,r57,r57,r57,r57,r57,r57,r57,r57,r57,r57,r57,r57,r57
267,r59,r59,r59,r59,r59,r59,r59,r59,r59,r59,r59,r59,r59,r59,r59,r59,r59,r59,r59,r59,r59,r59,r59,r59,r59,r59,r59,r59,r59,r59,r59,r59,r59,r59,r59,r59,r59,r59,r59,r59,r59,r59,r59,r59,r59,r59,r59,r59,r59,r59,r59,r59,r59,r59,r59,r59,r59,r59,r59,r59,r59,r59,r59,r59,r59,r59,r59,r59,s194,r59,r59,r59,r59,r59,r59,r59,r59,r59
268,r61,r61,r61,r61,r61,r61,r61,r61,r61,r61,r61,r61,r61,r61,r61,r61,r61,r61,r61,r61,r61,r61,r61,r61,r61,r61,r61,r61,r61,r61,r61,r61,r61,r61,r61,r61,r61,r61,r61,r61,r61,r61,r61,r61,r61,r61,r61,r61,r61,r61,r61,r61,r61,r61,r61,r61,s195,r61,r61,r61,r61,r61,r61,r61,r61,r61,r61,r61,r61,r61,r61,r61,r61,r61,r61,r61,r61,r61
269,r63,r63,r63,r63,r63,r63,r63,r63,r63,r63,r63,r63,r63,r63,r63,r63,r63,r63,r63,r63,r63,r63,r63,r63,r63,r63,r63,r63,r63,r63,r63,r63,r63,r63,r63,r63,r63,r63,r63,r63,r63,r63,r63,r63,r63,r63,r63,r63,r63,r63,r63,r63,r63,r63,r63,s196,r63,r63,r63,r63,r63,r63,r63,r63,r63,r63,r63,r63,r63,r63,r63,r63,r63,r63,r63,r63,r63,r63
270,r65,r65,r65,r65,r65,r65,r65,r65,r65,r65,r65,r65,r65,r65,r65,r65,r65,r65,r65,r65,r65,r65,r65,r65,r65,r65,r65,r65,r65,r65,r65,r65,r65,r65,r65,r65,r65,r65,r65,r65,r65,r65,r65,r65,r65,r65,r65,r65,r65,r65,r65,r65,s197,r65,r65,r65,r65,r65,r65,r65,r65,r65,r65,r65,r65,r65,r65,r65,r65,r65,r65,r65,r65,r65,r65,r65,r65,r65
271,r76,r76,r76,r76,r76,r76,r76,r76,r76,r76,r76,r76,r76,r76,r76,r76,r76,r76,r76,r76,r76,r76,r76,r76,r76,r76,r76,r76,r76,r76,r76,r76,r76,r76,r76,r76,r76,r76,r76,r76,r76,r76,r76,r76,r76,r76,r76,r76,r76,r76,r76,r76,r76,r76,r76,r76,r76,r76,r76,r76,r76,r76,r76,r76,r76,r76,r76,r76,r76,r76,r76,r76,r76,r76,r76,r76,r76,r76
272,,,,,,,,,,,,,,,,,,,,,,,,,,,,,,,,,,,,,,,,,,,,,,,,,,,,,,,,,,,,,,,,,,,,,,,,,,s307,,,,
273,r161,r161,r161,r161,r161,r161,r161,r161,r161,r161,r161,r161,r161,r161,r161,r161,r161,r161,r161,r161,r161,r161,r161,r161,r161,r161,r161,r161,r161,r161,r161,r161,r161,r161,r161,r161,r161,r161,r161,r161,r161,r161,r161,r161,r161,r161,r161,r161,r161,r161,r161,r161,r161,r161,r161,r161,r161,r161,r161,r161,r161,r161,r161,r161,r161,r161,r161,r161,r161,r161,r161,r161,r161,r161,r161,r161,r161,r161
274,r150,r150,r150,r150,r150,r150,r150,r150,r150,r150,r150,r150,r150,r150,r150,r150,r150,r150,r150,r150,r150,r150,r150,r150,r150,r150,r150,r150,r150,r150,r150,r150,r150,r150,r150,r150,r150,r150,r150,r150,r150,r150,r150,r150,r150,r150,r150,r150,r150,r150,r150,r150,r150,r150,r150,r150,r150,r150,r150,r150,r150,r150,r150,r150,r150,r150,r150,r150,r150,r150,r150,r150,r150,r150,r150,r150,r150,r150
275,,,,,,,,,,,,,,,,,,,,,,,,,,,,,,s70,s120,s308,s72,s73,s121,s75,s76,s77,s78,s79,s80,,,,,,,,,,,,,,s81,,,s82,,,s83,s84,,,,,,,s85,s86,s87,,s203,,,,s204,
276,r153,r153,r153,r153,r153,r153,r153,r153,r153,r153,r153,r153,r153,r153,r153,r153,r153,r153,r153,r153,r153,r153,r153,r153,r153,r153,r153,r153,r153,r153,r153,r153,r153,r153,r153,r153,r153,r153,r153,r153,r153,r153,r153,r153,r153,r153,r153,r153,r153,r153,r153,r153,r153,r153,r153,r153,r153,r153,r153,r153,r153,r153,r153,r153,r153,r153,r153,r153,r153,r153,r153,r153,r153,r153,r153,r153,r153,r153
277,r157,r157,r157,r157,r157,r157,r157,r157,r157,r157,r157,r157,r157,r157,r157,r157,r157,r157,r157,r157,r157,r157,r157,r157,r157,r157,r157,r157,r157,r157,r157,r157,r157,r157,r157,r157,r157,r157,r157,r157,r157,r157,r157,r157,r157,r157,r157,r157,r157,r157,r157,r157,r157,r157,r157,r157,r157,r157,r157,r157,r157,r157,r157,r157,r157,r157,r157,r157,r157,r157,r157,r157,r157,r157,r157,r157,r157,r157
278,r159,r159,r159,r159,r159,r159,r159,r159,r159,r159,r159,r159,r159,r159,r159,r159,r159,r159,r159,r159,r159,r159,r159,r159,r159,r159,r159,r159,r159,r159,r159,r159,r159,r159,r159,r159,r159,r159,r159,r159,r159,r159,r159,r159,r159,r159,r159,r159,r159,r159,r159,r159,r159,r159,r159,r159,r159,r159,r159,r159,r159,r159,r159,r159,r159,r159,r159,r159,r159,r159,r159,r159,r159,r159,r159,r159,r159,r159
279,r146,r146,r146,r146,r146,r146,r146,r146,r146,r146,r146,r146,r146,r146,r146,r146,r146,r146,r146,r146,r146,r146,r146,r146,r146,r146,r146,r146,r146,r146,r146,r146,r146,r146,r146,r146,r146,r146,r146,r146,r146,r146,r146,r146,r146,r146,r146,r146,r146,r146,r146,r146,r146,r146,r146,r146,r146,r146,r146,r146,r146,r146,r146,r146,r146,r146,r146,r146,r146,r146,r146,r146,r146,r146,r146,r146,r146,r146
280,,,,,,,,,,,,,,,,,,,,,,,,,,,,,,,,,,,,,,,,,,,,,,,,,,,,,,,,,,,,,,,,,,,,,,,,s311,,,,,,
281,,,,,,,,,,,,,,,,,,,,,,,,,,,,,,,,,,,,,,,,,,,,,,,,,,,,,,,,,,,,,,,,,,,,,,,,s312,,,,,,
282,r142,r142,r142,r142,r142,r142,r142,r142,r142,r142,r142,r142,r142,r142,r142,r142,r142,r142,r142,r142,r142,r142,r142,r142,r142,r142,r142,r142,r142,r142,r142,r142,r142,r142,r142,r142,r142,r142,r142,r142,r142,r142,r142,r142,r142,r142,r142,r142,r142,r142,r142,r142,r142,r142,r142,r142,r142,r142,r142,r142,r142,r142,r142,r142,r142,r142,r142,r142,r142,r142,r142,r142,r142,r142,r142,r142,r142,r142
283,,,,,,,,,,,,,,,,,,,,,,,,,,,,,,,,,,,,,,,,,,,,,,,,,,,,,,,,,,,,,,,,,,,,,,,,,,s313,,,,
284,r138,r138,r138,r138,r138,r138,r138,r138,r138,r138,r138,r138,r138,r138,r138,r138,r138,r138,r138,r138,r138,r138,r138,r138,r138,r138,r138,r138,r138,r138,r138,r138,r138,r138,r138,r138,r138,r138,r138,r138,r138,r138,r138,r138,r138,r138,r138,r138,r138,r138,r138,r138,r138,r138,r138,r138,r138,r138,r138,r138,r138,r138,r138,r138,r138,r138,r138,r138,r138,r138,s285,r138,s286,r138,r138,r138,r138,r138
285,,s1,s2,s3,s4,s5,s6,s7,s8,s9,s10,s11,s12,s13,s14,s15,s16,,,,,,,,,,,,,,,,,,,,,,,,,,,,,,,,,,,,,,,,,,,,,,,,,,,,,,,s314,,,,,,
286,,,,,,,,,,,,,,,,,,,,,,,,,,,,,,s70,,,s72,s73,s121,s75,s76,s77,s78,s79,s80,,,,,,,,,,,,,,s81,,,s82,,,s83,s84,,,,,,,s85,s86,s87,,,s316,,,,
287,r130,r130,r130,r130,r130,r130,r130,r130,r130,r130,r130,r130,r130,r130,r130,r130,r130,r130,r130,r130,r130,r130,r130,r130,r130,r130,r130,r130,r130,r130,r130,r130,r130,r130,r130,r130,r130,r130,r130,r130,r130,r130,r130,r130,r130,r130,r130,r130,r130,r130,r130,r130,r130,r130,r130,r130,r130,r130,r130,r130,r130,r130,r130,r130,r130,r130,r130,r130,r130,r130,r130,r130,r130,r130,r130,r130,r130,r130
288,r135,r135,r135,r135,r135,r135,r135,r135,r135,r135,r135,r135,r135,r135,r135,r135,r135,r135,r135,r135,r135,r135,r135,r135,r135,r135,r135,r135,r135,r135,r135,r135,r135,r135,r135,r135,r135,r135,r135,r135,r135,r135,r135,r135,r135,r135,r135,r135,r135,r135,r135,r135,r135,r135,r135,r135,r135,r135,r135,r135,r135,r135,r135,r135,r135,r135,r135,r135,r135,r135,r135,r135,r135,r135,r135,r135,r135,r135
289,r113,r113,r113,r113,r113,r113,r113,r113,r113,r113,r113,r113,r113,r113,r113,r113,r113,r113,r113,r113,r113,r113,r113,r113,r113,r113,r113,r113,r113,r113,r113,r113,r113,r113,r113,r113,r113,r113,r113,r113,r113,r113,r113,r113,r113,r113,r113,r113,r113,r113,r113,r113,r113,r113,r113,r113,r113,r113,r113,r113,r113,r113,r113,r113,r113,r113,r113,r113,r113,r113,r113,r113,r113,r113,r113,r113,r113,r113
290,r115,r115,r115,r115,r115,r115,r115,r115,r115,r115,r115,r115,r115,r115,r115,r115,r115,r115,r115,r115,r115,r115,r115,r115,r115,r115,r115,r115,r115,r115,r115,r115,r115,r115,r115,r115,r115,r115,r115,r115,r115,r115,r115,r115,r115,r115,r115,r115,r115,r115,r115,r115,r115,r115,r115,r115,r115,r115,r115,r115,r115,r115,r115,r115,r115,r115,r115,r115,r115,r115,r115,r115,r115,r115,r115,r115,r115,r115
291,,,,,,,,,,,,,,,,,,,,s61,s62,s63,,s64,s65,s66,s67,s68,s69,s70,s44,,s72,s73,s74,s75,s76,s77,s78,s79,s80,,,,,,,,,,,,,,s81,,,s82,,,s83,s84,,,,,,,s85,s86,s87,,,,s88,,,
292,,,,,,,,,,,,,,,,,,,,,,,,,,,,,,s70,,,s72,s73,s121,s75,s76,s77,s78,s79,s80,,,,,,,,,,,,,,s81,,,s82,,,s83,s84,,,,,,,s85,s86,s87,s320,,,,,,
293,,,,,,,,,,,,,,,,,,,,,,,,,,,,,,s70,,,s72,s73,s121,s75,s76,s77,s78,s79,s80,,,,,,,,,,,,,,s81,,,s82,,,s83,s84,,,,,,,s85,s86,s87,s322,,,,,,
294,,,,,,,,,,,,,,,,,,,,s61,s62,s63,,s64,s65,s66,s67,s68,s69,s70,s44,,s72,s73,s74,s75,s76,s77,s78,s79,s80,,,,,,,,,,,,,,s81,,,s82,,,s83,s84,,,,,,,s85,s86,s87,,,,s88,,,
295,,,,,,,,,,,,,,,,,,,,,,,,,,,,,,s70,,,s72,s73,s121,s75,s76,s77,s78,s79,s80,,,,,,,,,,,,,,s81,,,s82,,,s83,s84,,,,,,,s85,s86,s87,,,,,,,
296,,,,,,,,,,,,,,,,,,,,,,,,,,,,,,s70,,,s72,s73,s121,s75,s76,s77,s78,s79,s80,,,,,,,,,,,,,,s81,,,s82,,,s83,s84,,,,,,,s85,s86,s87,,,,,,,
297,,,,,,,,,,,,,,,,,,,,s329,s330,s331,,s64,s332,s333,s67,s68,s69,s70,s44,,s72,s73,s334,s75,s76,s77,s78,s79,s80,,,,,,,,,,,,,,s81,,,s82,,,s83,s84,,,,,,,s85,s86,s87,,,,s88,,,
298,r177,r177,r177,r177,r177,r177,r177,r177,r177,r177,r177,r177,r177,r177,r177,r177,r177,r177,r177,r177,r177,r177,r177,r177,r177,r177,r177,r177,r177,r177,r177,r177,r177,r177,r177,r177,r177,r177,r177,r177,r177,r177,r177,r177,r177,r177,r177,r177,r177,r177,r177,r177,r177,r177,r177,r177,r177,r177,r177,r177,r177,r177,r177,r177,r177,r177,r177,r177,r177,r177,r177,r177,r177,r177,r177,r177,r177,r177
299,r182,r182,r182,r182,r182,r182,r182,r182,r182,r182,r182,r182,r182,r182,r182,r182,r182,r182,r182,r182,r182,r182,r182,r182,r182,r182,r182,r182,r182,r182,r182,r182,r182,r182,r182,r182,r182,r182,r182,r182,r182,r182,r182,r182,r182,r182,r182,r182,r182,r182,r182,r182,r182,r182,r182,r182,r182,r182,r182,r182,r182,r182,r182,r182,r182,r182,r182,r182,r182,r182,r182,r182,r182,r182,r182,r182,r182,r182
300,r28,r28,r28,r28,r28,r28,r28,r28,r28,r28,r28,r28,r28,r28,r28,r28,r28,r28,r28,r28,r28,r28,r28,r28,r28,r28,r28,r28,r28,r28,s302,r28,r28,r28,r28,r28,r28,r28,r28,r28,r28,r28,r28,r28,r28,r28,r28,r28,r28,r28,r28,r28,r28,r28,r28,r28,r28,r28,r28,r28,r28,r28,r28,r28,r28,r28,r28,r28,r28,r28,r28,r28,r28,r28,r28,r28,r28,r28
301,,,,,,,,,,,,,,,,,,,,,,,,,,,,,,,s302,,,,,,,,,,,,,,,,,,,,,,,,,,,,,,,,,,,,,,,,,,,,,,,
302,,,,,,,,,,,,,,,,,,,,,,,,,,,,,,s70,s120,,s72,s73,s121,s75,s76,s77,s78,s79,s80,,,,,,,,,,,,,,s81,,,s82,,,s83,s84,,,,,,,s85,s86,s87,,s203,,,,s204,
303,r36,r36,r36,r36,r36,r36,r36,r36,r36,r36,r36,r36,r36,r36,r36,r36,r36,r36,r36,r36,r36,r36,r36,r36,r36,r36,r36,r36,r36,r36,r36,r36,r36,r36,r36,r36,r36,r36,r36,r36,r36,r36,r36,r36,r36,r36,r36,r36,r36,r36,r36,r36,r36,r36,r36,r36,r36,r36,r36,r36,r36,r36,r36,r36,r36,r36,r36,r36,r36,r36,r36,r36,r36,r36,r36,r36,r36,r36
304,r14,r14,r14,r14,r14,r14,r14,r14,r14,r14,r14,r14,r14,r14,r14,r14,r14,r14,r14,r14,r14,r14,r14,r14,r14,r14,r14,r14,r14,r14,r14,r14,r14,r14,r14,r14,r14,r14,r14,r14,r14,r14,r14,r14,r14,r14,r14,r14,r14,r14,r14,r14,r14,r14,r14,r14,r14,r14,r14,r14,r14,r14,r14,r14,r14,r14,r14,r14,r14,r14,r14,r14,r14,r14,r14,r14,r14,r14
305,,,,,,,,,,,,,,,,,,,,,,,,,,,,,,s70,,,s72,s73,s121,s75,s76,s77,s78,s79,s80,,,,,,,,,,,,,,s81,,,s82,,,s83,s84,,,,,,,s85,s86,s87,,,,,,,
306,r12,r12,r12,r12,r12,r12,r12,r12,r12,r12,r12,r12,r12,r12,r12,r12,r12,r12,r12,r12,r12,r12,r12,r12,r12,r12,r12,r12,r12,r12,r12,r12,r12,r12,r12,r12,r12,r12,r12,r12,r12,r12,r12,r12,r12,r12,r12,r12,r12,r12,r12,r12,r12,r12,r12,r12,r12,r12,r12,r12,r12,r12,r12,r12,r12,r12,r12,r12,r12,r12,r12,r12,r12,r12,r12,r12,r12,r12
307,r160,r160,r160,r160,r160,r160,r160,r160,r160,r160,r160,r160,r160,r160,r160,r160,r160,r160,r160,r160,r160,r160,r160,r160,r160,r160,r160,r160,r160,r160,r160,r160,r160,r160,r160,r160,r160,r160,r160,r160,r160,r160,r160,r160,r160,r160,r160,r160,r160,r160,r160,r160,r160,r160,r160,r160,r160,r160,r160,r160,r160,r160,r160,r160,r160,r160,r160,r160,r160,r160,r160,r160,r160,r160,r160,r160,r160,r160
308,r151,r151,r151,r151,r151,r151,r151,r151,r151,r151,r151,r151,r151,r151,r151,r151,r151,r151,r151,r151,r151,r151,r151,r151,r151,r151,r151,r151,r151,r151,r151,r151,r151,r151,r151,r151,r151,r151,r151,r151,r151,r151,r151,r151,r151,r151,r151,r151,r151,r151,r151,r151,r151,r151,r151,r151,r151,r151,r151,r151,r151,r151,r151,r151,r151,r151,r151,r151,r151,r151,r151,r151,r151,r151,r151,r151,r151,r151
309,r156,r156,r156,r156,r156,r156,r156,r156,r156,r156,r156,r156,r156,r156,r156,r156,r156,r156,r156,r156,r156,r156,r156,r156,r156,r156,r156,r156,r156,r156,r156,r156,r156,r156,r156,r156,r156,r156,r156,r156,r156,r156,r156,r156,r156,r156,r156,r156,r156,r156,r156,r156,r156,r156,r156,r156,r156,r156,r156,r156,r156,r156,r156,r156,r156,r156,r156,r156,r156,r156,r156,r156,r156,r156,r156,r156,r156,r156
310,,,,,,,,,,,,,,,,,,,,,,,,,,,,,,s70,s120,,s72,s73,s121,s75,s76,s77,s78,s79,s80,,,,,,,,,,,,,,s81,,,s82,,,s83,s84,,,,,,,s85,s86,s87,,,,,,,
311,r147,r147,r147,r147,r147,r147,r147,r147,r147,r147,r147,r147,r147,r147,r147,r147,r147,r147,r147,r147,r147,r147,r147,r147,r147,r147,r147,r147,r147,r147,r147,r147,r147,r147,r147,r147,r147,r147,r147,r147,r147,r147,r147,r147,r147,r147,r147,r147,r147,r147,r147,r147,r147,r147,r147,r147,r147,r147,r147,r147,r147,r147,r147,r147,r147,r147,r147,r147,r147,r147,r147,r147,r147,r147,r147,r147,r147,r147
312,r141,r141,r141,r141,r141,r141,r141,r141,r141,r141,r141,r141,r141,r141,r141,r141,r141,r141,r141,r141,r141,r141,r141,r141,r141,r141,r141,r141,r141,r141,r141,r141,r141,r141,r141,r141,r141,r141,r141,r141,r141,r141,r141,r141,r141,r141,r141,r141,r141,r141,r141,r141,r141,r141,r141,r141,r141,r141,r141,r141,r141,r141,r141,r141,r141,r141,r141,r141,r141,r141,r141,r141,r141,r141,r141,r141,r141,r141
313,r143,r143,r143,r143,r143,r143,r143,r143,r143,r143,r143,r143,r143,r143,r143,r143,r143,r143,r143,r143,r143,r143,r143,r143,r143,r143,r143,r143,r143,r143,r143,r143,r143,r143,r143,r143,r143,r143,r143,r143,r143,r143,r143,r143,r143,r143,r143,r143,r143,r143,r143,r143,r143,r143,r143,r143,r143,r143,r143,r143,r143,r143,r143,r143,r143,r143,r143,r143,r143,r143,r143,r143,r143,r143,r143,r143,r143,r143
314,r148,r148,r148,r148,r148,r148,r148,r148,r148,r148,r148,r148,r148,r148,r148,r148,r148,r148,r148,r148,r148,r148,r148,r148,r148,r148,r148,r148,r148,r148,r148,r148,r148,r148,r148,r148,r148,r148,r148,r148,r148,r148,r148,r148,r148,r148,r148,r148,r148,r148,r148,r148,r148,r148,r148,r148,r148,r148,r148,r148,r148,r148,r148,r148,r148,r148,r148,r148,r148,r148,r148,r148,r148,r148,r148,r148,r148,r148
315,,,,,,,,,,,,,,,,,,,,,,,,,,,,,,,,,,,,,,,,,,,,,,,,,,,,,,,,,,,,,,,,,,,,,,,,s339,,,,,,
316,r144,r144,r144,r144,r144,r144,r144,r144,r144,r144,r144,r144,r144,r144,r144,r144,r144,r144,r144,r144,r144,r144,r144,r144,r144,r144,r144,r144,r144,r144,r144,r144,r144,r144,r144,r144,r144,r144,r144,r144,r144,r144,r144,r144,r144,r144,r144,r144,r144,r144,r144,r144,r144,r144,r144,r144,r144,r144,r144,r144,r144,r144,r144,r144,r144,r144,r144,r144,r144,r144,r144,r144,r144,r144,r144,r144,r144,r144
317,,,,,,,,,,,,,,,,,,,,,,,,,,,,,,,,,,,,,,,,,,,,,,,,,,,,,,,,,,,,,,,,,,,,,,,,,,s340,,,,
318,r185,r185,r185,r185,r185,r185,r185,r185,r185,r185,r185,r185,r185,r185,r185,r185,r185,r185,r185,r185,r185,r185,r185,r185,r185,r185,r185,r185,r185,r185,r185,r185,r185,r185,r185,r185,r185,r185,r185,r185,r185,r185,r185,r185,r185,r185,r185,r185,r185,r185,r185,r185,r185,r185,r185,r185,r185,r185,r185,r185,r185,r185,r185,r185,r185,r185,r185,r185,r185,r185,r185,r185,r185,r185,r185,r185,r185,r185
319,r162,r162,r162,r162,r162,r162,r162,r162,r162,r162,r162,r162,r162,r162,r162,r162,r162,r162,r162,r162,r162,r162,r162,r162,r162,r162,r162,r162,r162,r162,r162,r162,r162,r162,r162,r162,r162,r162,r162,r162,r162,r162,r162,r162,r162,r162,r162,r162,r162,r162,r162,r162,r162,r162,r162,r162,r162,r162,r162,r162,r162,r162,r162,r162,r162,r162,r162,r162,r162,r162,r162,r162,r162,r162,r162,r162,r162,r162
320,,,,,,,,,,,,,,,,,,,,s61,s62,s63,,s64,s65,s66,s67,s68,s69,s70,s44,,s72,s73,s74,s75,s76,s77,s78,s79,s80,,,,,,,,,,,,,,s81,,,s82,,,s83,s84,,,,,,,s85,s86,s87,,,,s88,,,
321,,,,,,,,,,,,,,,,,,,,,,,,,,,,,,,,,,,,,,,,,,,,,,,,,,,,,,,,,,,,,,,,,,,,,,,,s344,,,,s200,,
322,,,,,,,,,,,,,,,,,,,,s61,s62,s63,,s64,s65,s66,s67,s68,s69,s70,s44,,s72,s73,s74,s75,s76,s77,s78,s79,s80,,,,,,,,,,,,,,s81,,,s82,,,s83,s84,,,,,,,s85,s86,s87,,,,s88,,,
323,,,,,,,,,,,,,,,,,,,,,,,,,,,,,,,,,,,,,,,,,,,,,,,,,,,,,,,,,,,,,,,,,,,,,,,,s347,,,,s200,,
324,r187,r187,r187,r187,r187,r187,r187,r187,r187,r187,r187,r187,r187,r187,r187,r187,r187,r187,r187,r187,r187,r187,r187,r187,r187,r187,r187,r187,r187,r187,r187,r187,r187,r187,r187,r187,r187,r187,r187,r187,r187,r187,r187,r187,r187,r187,r187,r187,r187,r187,r187,r187,r187,r187,r187,r187,r187,r187,r187,r187,r187,r187,r187,r187,r187,r187,r187,r187,r187,r187,r187,r187,r187,r187,r187,r187,r187,r187
325,r193,r193,r193,r193,r193,r193,r193,r193,r193,r193,r193,r193,r193,r193,r193,r193,r193,r193,r193,r193,r193,r193,r193,r193,r193,r193,r193,r193,r193,r193,r193,r193,r193,r193,r193,r193,r193,r193,r193,r193,r193,r193,r193,r193,r193,r193,r193,r193,r193,r193,r193,r193,r193,r193,r193,r193,r193,r193,r193,r193,r193,r193,r193,r193,r193,r193,r193,r193,r193,r193,r193,r193,r193,r193,r193,r193,r193,r193
326,,,,,,,,,,,,,,,,,,,,,,,,,,,,,,,,,,,,,,,,,,,,,,,,,,,,,,,,,,,,,,,,,,,,,,,,s348,,,,s200,,
327,,,,,,,,,,,,,,,,,,,,,,,,,,,,,,,,,,,,,,,,,,,,,,,,,,,,,,,,,,,,,,,,,,,,,,,,s349,,,,s200,,
328,,,,,,,,,,,,,,,,,,,,,,,,,,,,,,,,,,,,,,,,,,,,,,,,,,,,,,,,,,,,,,,,,,,,,,,s350,,,,,,,
329,,,,,,,,,,,,,,,,,,,,,,,,,,,,,,,,,,,,,,,,,,,,,,,,,,,,,,,,,,,,,,,,,,,,,,,s351,,,,,,,
330,,,,,,,,,,,,,,,,,,,,,,,,,,,,,,,,,,,,,,,,,,,,,,,,,,,,,,,,,,,,,,,,,,,,,,,s352,,,,,,,
331,,,,,,,,,,,,,,,,,,,,s329,s330,s331,,s64,s332,s333,s67,s68,s69,s70,s44,,s72,s73,s334,s75,s76,s77,s78,s79,s80,,,,,,,,,,,,,,s81,,,s82,,,s83,s84,,,,,,,s85,s86,s87,,,,s88,,,
332,,,,,,,,,,,,,,,,,,,,,,,,,,,,,,s70,,,s72,s73,s121,s75,s76,s77,s78,s79,s80,,,,,,,,,,,,,,s81,,,s82,,,s83,s84,,,,,,,s85,s86,s87,,,,,,,
333,,,,,,,,,,,,,,,,,,,,,,,,,,,,,,,,,,,,,,,,,,,,,,,,,,,,,,,,,,,,,,,,,,,,,,,,,,,,,,s354
334,r1,r1,r1,r1,r1,r1,r1,r1,r1,r1,r1,r1,r1,r1,r1,r1,r1,r1,r1,r1,r1,r1,r1,r1,r1,r1,r1,r1,r1,r1,r1,r1,r1,r1,r1,r1,r1,r1,r1,r1,r1,r1,r1,r1,r1,r1,r1,r1,r1,r1,r1,r1,r1,r1,r1,r1,r1,r1,r1,r1,r1,r1,r1,r1,r1,r1,r1,r1,r1,r1,r1,r1,r1,r1,r1,r1,r1,s355
335,r179,r179,r179,r179,r179,r179,r179,r179,r179,r179,r179,r179,r179,r179,r179,r179,r179,r179,r179,r179,r179,r179,r179,r179,r179,r179,r179,r179,r179,r179,r179,r179,r179,r179,r179,r179,r179,r179,r179,r179,r179,r179,r179,r179,r179,r179,r179,r179,r179,r179,r179,r179,r179,r179,r179,r179,r179,r179,r179,r179,r179,r179,r179,r179,r179,r179,r179,r179,r179,r179,r179,r179,r179,r179,r179,r179,r179,r179
336,,,,,,,,,,,,,,,,,,,,,,,,,,,,,,,,s356,,,,,,,,,,,,,,,,,,,,,,,,,,,,,,,,,,,,,,,,,,,,s357,,
337,r22,r22,r22,r22,r22,r22,r22,r22,r22,r22,r22,r22,r22,r22,r22,r22,r22,r22,r22,r22,r22,r22,r22,r22,r22,r22,r22,r22,r22,r22,r22,r22,r22,r22,r22,r22,r22,r22,r22,r22,r22,r22,r22,r22,r22,r22,r22,r22,r22,r22,r22,r22,r22,r22,r22,r22,r22,r22,r22,r22,r22,r22,r22,r22,r22,r22,r22,r22,r22,r22,r22,r22,r22,r22,r22,r22,r22,r22
338,r155,r155,r155,r155,r155,r155,r155,r155,r155,r155,r155,r155,r155,r155,r155,r155,r155,r155,r155,r155,r155,r155,r155,r155,r155,r155,r155,r155,r155,r155,r155,r155,r155,r155,r155,r155,r155,r155,r155,r155,r155,r155,r155,r155,r155,r155,r155,r155,r155,r155,r155,r155,r155,r155,r155,r155,r155,r155,r155,r155,r155,r155,r155,r155,r155,r155,r155,r155,r155,r155,r155,r155,r155,r155,r155,r155,r155,r155
339,r149,r149,r149,r149,r149,r149,r149,r149,r149,r149,r149,r149,r149,r149,r149,r149,r149,r149,r149,r149,r149,r149,r149,r149,r149,r149,r149,r149,r149,r149,r149,r149,r149,r149,r149,r149,r149,r149,r149,r149,r149,r149,r149,r149,r149,r149,r149,r149,r149,r149,r149,r149,r149,r149,r149,r149,r149,r149,r149,r149,r149,r149,r149,r149,r149,r149,r149,r149,r149,r149,r149,r149,r149,r149,r149,r149,r149,r149
340,r145,r145,r145,r145,r145,r145,r145,r145,r145,r145,r145,r145,r145,r145,r145,r145,r145,r145,r145,r145,r145,r145,r145,r145,r145,r145,r145,r145,r145,r145,r145,r145,r145,r145,r145,r145,r145,r145,r145,r145,r145,r145,r145,r145,r145,r145,r145,r145,r145,r145,r145,r145,r145,r145,r145,r145,r145,r145,r145,r145,r145,r145,r145,r145,r145,r145,r145,r145,r145,r145,r145,r145,r145,r145,r145,r145,r145,r145
341,,,,,,,,,,,,,,,,,,,,s61,s62,s63,,s64,s65,s66,s67,s68,s69,s70,s44,,s72,s73,s74,s75,s76,s77,s78,s79,s80,,,,,,,,,,,,,,s81,,,s82,,,s83,s84,,,,,,,s85,s86,s87,,,,s88,,,
342,r191,r191,r191,r191,r191,r191,r191,r191,r191,r191,r191,r191,r191,r191,r191,r191,r191,r191,r191,r191,r191,r191,r191,r191,r191,r191,r191,r191,r191,r191,r191,r191,r191,r191,r191,r191,r191,r191,r191,r191,r191,r191,r191,r191,r191,r191,r191,r191,r191,r191,r191,r191,r191,r191,r191,r191,r191,r191,r191,r191,r191,r191,r191,r191,r191,r191,r191,r191,r191,r191,r191,r191,r191,r191,r191,r191,r191,r191
343,r197,r197,r197,r197,r197,r197,r197,r197,r197,r197,r197,r197,r197,r197,r197,r197,r197,r197,r197,r197,r197,r197,r197,r197,r197,r197,r197,r197,r197,r197,r197,r197,r197,r197,r197,r197,r197,r197,r197,r197,r197,r197,r197,r197,r197,r197,r197,r197,r197,r197,r197,r197,r197,r197,r197,r197,r197,r197,r197,r197,r197,r197,r197,r197,r197,r197,r197,r197,r197,r197,r197,r197,r197,r197,r197,r197,r197,r197
344,,,,,,,,,,,,,,,,,,,,s61,s62,s63,,s64,s65,s66,s67,s68,s69,s70,s44,,s72,s73,s74,s75,s76,s77,s78,s79,s80,,,,,,,,,,,,,,s81,,,s82,,,s83,s84,,,,,,,s85,s86,s87,,,,s88,,,
345,r189,r189,r189,r189,r189,r189,r189,r189,r189,r189,r189,r189,r189,r189,r189,r189,r189,r189,r189,r189,r189,r189,r189,r189,r189,r189,r189,r189,r189,r189,r189,r189,r189,r189,r189,r189,r189,r189,r189,r189,r189,r189,r189,r189,r189,r189,r189,r189,r189,r189,r189,r189,r189,r189,r189,r189,r189,r189,r189,r189,r189,r189,r189,r189,r189,r189,r189,r189,r189,r189,r189,r189,r189,r189,r189,r189,r189,r189
346,r195,r195,r195,r195,r195,r195,r195,r195,r195,r195,r195,r195,r195,r195,r195,r195,r195,r195,r195,r195,r195,r195,r195,r195,r195,r195,r195,r195,r195,r195,r195,r195,r195,r195,r195,r195,r195,r195,r195,r195,r195,r195,r195,r195,r195,r195,r195,r195,r195,r195,r195,r195,r195,r195,r195,r195,r195,r195,r195,r195,r195,r195,r195,r195,r195,r195,r195,r195,r195,r195,r195,r195,r195,r195,r195,r195,r195,r195
347,,,,,,,,,,,,,,,,,,,,s61,s62,s63,,s64,s65,s66,s67,s68,s69,s70,s44,,s72,s73,s74,s75,s76,s77,s78,s79,s80,,,,,,,,,,,,,,s81,,,s82,,,s83,s84,,,,,,,s85,s86,s87,,,,s88,,,
348,,,,,,,,,,,,,,,,,,,,,,,,,,,,,,,,,,,,,,,,,,,,,,,,,,,,,,,,,,,,,,,,,,,,,,,,,,,s364,,,
349,,,,,,,,,,,,,,,,,,,,,,,,,,,,,,,,,,,,,,,,,,,,,,,,,,,,,,,,,,,,,,,,,,,,,,,,,,,s365,,,
350,,,,,,,,,,,,,,,,,,,,,,,,,,,,,,s70,,,s72,s73,s121,s75,s76,s77,s78,s79,s80,,,,,,,,,,,,,,s81,,,s82,,,s83,s84,,,,,,,s85,s86,s87,,,,,,,
351,,s1,s2,s3,s4,s5,s6,s7,s8,s9,s10,s11,s12,s13,s14,s15,s16,,,,,,,,,,,,,s70,,,s72,s73,s121,s75,s76,s77,s78,s79,s80,,,,,,,,,,,,,,s81,,,s82,,,s83,s84,,,,,,,s85,s86,s87,,,,s88,,,
352,,,,,,,,,,,,,,,,,,,,,,,,,,,,,,s70,,,s72,s73,s121,s75,s76,s77,s78,s79,s80,,,,,,,,,,,,,,s81,,,s82,,,s83,s84,,,,,,,s85,s86,s87,,,,,,,
353,,,,,,,,,,,,,,,,,,,,,,,,,,,,,,,,,,,,,,,,,,,,,,,,,,,,,,,,,,,,,,,,,,,,,,,,,,,,,,s370
354,,,,,,,,,,,,,,,,,,,,s329,s330,s331,,s64,s332,s333,s67,s68,s69,s70,s44,,s72,s73,s334,s75,s76,s77,s78,s79,s80,,,,,,,,,,,,,,s81,,,s82,,,s83,s84,,,,,,,s85,s86,s87,,,,s88,,,
355,,,,,,,,,,,,,,,,,,,,s329,s330,s331,,s64,s332,s333,s67,s68,s69,s70,s44,,s72,s73,s334,s75,s76,s77,s78,s79,s80,,,,,,,,,,,,,,s81,,,s82,,,s83,s84,,,,,,,s85,s86,s87,,,,s88,,,
356,r19,r19,r19,r19,r19,r19,r19,r19,r19,r19,r19,r19,r19,r19,r19,r19,r19,r19,r19,r19,r19,r19,r19,r19,r19,r19,r19,r19,r19,r19,r19,r19,r19,r19,r19,r19,r19,r19,r19,r19,r19,r19,r19,r19,r19,r19,r19,r19,r19,r19,r19,r19,r19,r19,r19,r19,r19,r19,r19,r19,r19,r19,r19,r19,r19,r19,r19,r19,r19,r19,r19,r19,r19,r19,r19,r19,r19,r19
357,,,,,,,,,,,,,,,,,,,,,,,,,,,,,,s70,s120,s371,s72,s73,s121,s75,s76,s77,s78,s79,s80,,,,,,,,,,,,,,s81,,,s82,,,s83,s84,,,,,,,s85,s86,s87,,s203,,,,s204,
358,r180,r180,r180,r180,r180,r180,r180,r180,r180,r180,r180,r180,r180,r180,r180,r180,r180,r180,r180,r180,r180,r180,r180,r180,r180,r180,r180,r180,r180,r180,r180,r180,r180,r180,r180,r180,r180,r180,r180,r180,r180,r180,r180,r180,r180,r180,r180,r180,r180,r180,r180,r180,r180,r180,r180,r180,r180,r180,r180,r180,r180,r180,r180,r180,r180,r180,r180,r180,r180,r180,r180,r180,r180,r180,r180,r180,r180,r180
359,r186,r186,r186,r186,r186,r186,r186,r186,r186,r186,r186,r186,r186,r186,r186,r186,r186,r186,r186,r186,r186,r186,r186,r186,r186,r186,r186,r186,r186,r186,r186,r186,r186,r186,r186,r186,r186,r186,r186,r186,r186,r186,r186,r186,r186,r186,r186,r186,r186,r186,r186,r186,r186,r186,r186,r186,r186,r186,r186,r186,r186,r186,r186,r186,r186,r186,r186,r186,r186,r186,r186,r186,r186,r186,r186,r186,r186,r186
360,r192,r192,r192,r192,r192,r192,r192,r192,r192,r192,r192,r192,r192,r192,r192,r192,r192,r192,r192,r192,r192,r192,r192,r192,r192,r192,r192,r192,r192,r192,r192,r192,r192,r192,r192,r192,r192,r192,r192,r192,r192,r192,r192,r192,r192,r192,r192,r192,r192,r192,r192,r192,r192,r192,r192,r192,r192,r192,r192,r192,r192,r192,r192,r192,r192,r192,r192,r192,r192,r192,r192,r192,r192,r192,r192,r192,r192,r192
361,r198,r198,r198,r198,r198,r198,r198,r198,r198,r198,r198,r198,r198,r198,r198,r198,r198,r198,r198,r198,r198,r198,r198,r198,r198,r198,r198,r198,r198,r198,r198,r198,r198,r198,r198,r198,r198,r198,r198,r198,r198,r198,r198,r198,r198,r198,r198,r198,r198,r198,r198,r198,r198,r198,r198,r198,r198,r198,r198,r198,r198,r198,r198,r198,r198,r198,r198,r198,r198,r198,r198,r198,r198,r198,r198,r198,r198,r198
362,r190,r190,r190,r190,r190,r190,r190,r190,r190,r190,r190,r190,r190,r190,r190,r190,r190,r190,r190,r190,r190,r190,r190,r190,r190,r190,r190,r190,r190,r190,r190,r190,r190,r190,r190,r190,r190,r190,r190,r190,r190,r190,r190,r190,r190,r190,r190,r190,r190,r190,r190,r190,r190,r190,r190,r190,r190,r190,r190,r190,r190,r190,r190,r190,r190,r190,r190,r190,r190,r190,r190,r190,r190,r190,r190,r190,r190,r190
363,r196,r196,r196,r196,r196,r196,r196,r196,r196,r196,r196,r196,r196,r196,r196,r196,r196,r196,r196,r196,r196,r196,r196,r196,r196,r196,r196,r196,r196,r196,r196,r196,r196,r196,r196,r196,r196,r196,r196,r196,r196,r196,r196,r196,r196,r196,r196,r196,r196,r196,r196,r196,r196,r196,r196,r196,r196,r196,r196,r196,r196,r196,r196,r196,r196,r196,r196,r196,r196,r196,r196,r196,r196,r196,r196,r196,r196,r196
364,r188,r188,r188,r188,r188,r188,r188,r188,r188,r188,r188,r188,r188,r188,r188,r188,r188,r188,r188,r188,r188,r188,r188,r188,r188,r188,r188,r188,r188,r188,r188,r188,r188,r188,r188,r188,r188,r188,r188,r188,r188,r188,r188,r188,r188,r188,r188,r188,r188,r188,r188,r188,r188,r188,r188,r188,r188,r188,r188,r188,r188,r188,r188,r188,r188,r188,r188,r188,r188,r188,r188,r188,r188,r188,r188,r188,r188,r188
365,r194,r194,r194,r194,r194,r194,r194,r194,r194,r194,r194,r194,r194,r194,r194,r194,r194,r194,r194,r194,r194,r194,r194,r194,r194,r194,r194,r194,r194,r194,r194,r194,r194,r194,r194,r194,r194,r194,r194,r194,r194,r194,r194,r194,r194,r194,r194,r194,r194,r194,r194,r194,r194,r194,r194,r194,r194,r194,r194,r194,r194,r194,r194,r194,r194,r194,r194,r194,r194,r194,r194,r194,r194,r194,r194,r194,r194,r194
366,,,,,,,,,,,,,,,,,,,,,,,,,,,,,,,,,,,,,,,,,,,,,,,,,,,,,,,,,,,,,,,,,,,,,,,,s372,,,,s200,,
367,,,,,,,,,,,,,,,,,,,,,,,,,,,,,,s70,,,s72,s73,s121,s75,s76,s77,s78,s79,s80,,,,,,,,,,,,,,s81,,,s82,,,s83,s84,,,,,,,s85,s86,s87,,,,s88,,,
368,,,,,,,,,,,,,,,,,,,,,,,,,,,,,,s70,,,s72,s73,s121,s75,s76,s77,s78,s79,s80,,,,,,,,,,,,,,s81,,,s82,,,s83,s84,,,,,,,s85,s86,s87,,,,s88,,,
369,,,,,,,,,,,,,,,,,,,,,,,,,,,,,,,,,,,,,,,,,,,,,,,,,,,,,,,,,,,,,,,,,,,,,,,,s375,,,,s200,,
370,,,,,,,,,,,,,,,,,,,,s329,s330,s331,,s64,s332,s333,s67,s68,s69,s70,s44,,s72,s73,s334,s75,s76,s77,s78,s79,s80,,,,,,,,,,,,,,s81,,,s82,,,s83,s84,,,,,,,s85,s86,s87,,,,s88,,,
371,r20,r20,r20,r20,r20,r20,r20,r20,r20,r20,r20,r20,r20,r20,r20,r20,r20,r20,r20,r20,r20,r20,r20,r20,r20,r20,r20,r20,r20,r20,r20,r20,r20,r20,r20,r20,r20,r20,r20,r20,r20,r20,r20,r20,r20,r20,r20,r20,r20,r20,r20,r20,r20,r20,r20,r20,r20,r20,r20,r20,r20,r20,r20,r20,r20,r20,r20,r20,r20,r20,r20,r20,r20,r20,r20,r20,r20,r20
372,,,,,,,,,,,,,,,,,,,,s329,s330,s331,,s64,s332,s333,s67,s68,s69,s70,s44,,s72,s73,s334,s75,s76,s77,s78,s79,s80,,,,,,,,,,,,,,s81,,,s82,,,s83,s84,,,,,,,s85,s86,s87,,,,s88,,,
373,,,,,,,,,,,,,,,,,,,,,,,,,,,,,,s70,,,s72,s73,s121,s75,s76,s77,s78,s79,s80,,,,,,,,,,,,,,s81,,,s82,,,s83,s84,,,,,,,s85,s86,s87,s377,,,,,,
374,,,,,,,,,,,,,,,,,,,,,,,,,,,,,,s70,,,s72,s73,s121,s75,s76,s77,s78,s79,s80,,,,,,,,,,,,,,s81,,,s82,,,s83,s84,,,,,,,s85,s86,s87,s379,,,,,,
375,,,,,,,,,,,,,,,,,,,,s329,s330,s331,,s64,s332,s333,s67,s68,s69,s70,s44,,s72,s73,s334,s75,s76,s77,s78,s79,s80,,,,,,,,,,,,,,s81,,,s82,,,s83,s84,,,,,,,s85,s86,s87,,,,s88,,,
376,,,,,,,,,,,,,,,,,,,,,,,,,,,,,,,,,,,,,,,,,,,,,,,,,,,,,,,,,,,,,,,,,,,,,,,,,,,,,,
377,,,,,,,,,,,,,,,,,,,,s329,s330,s331,,s64,s332,s333,s67,s68,s69,s70,s44,,s72,s73,s334,s75,s76,s77,s78,s79,s80,,,,,,,,,,,,,,s81,,,s82,,,s83,s84,,,,,,,s85,s86,s87,,,,s88,,,
378,,,,,,,,,,,,,,,,,,,,,,,,,,,,,,,,,,,,,,,,,,,,,,,,,,,,,,,,,,,,,,,,,,,,,,,,s382,,,,s200,,
379,,,,,,,,,,,,,,,,,,,,s329,s330,s331,,s64,s332,s333,s67,s68,s69,s70,s44,,s72,s73,s334,s75,s76,s77,s78,s79,s80,,,,,,,,,,,,,,s81,,,s82,,,s83,s84,,,,,,,s85,s86,s87,,,,s88,,,
380,,,,,,,,,,,,,,,,,,,,,,,,,,,,,,,,,,,,,,,,,,,,,,,,,,,,,,,,,,,,,,,,,,,,,,,,s383,,,,s200,,
381,,,,,,,,,,,,,,,,,,,,s329,s330,s331,,s64,s332,s333,s67,s68,s69,s70,s44,,s72,s73,s334,s75,s76,s77,s78,s79,s80,,,,,,,,,,,,,,s81,,,s82,,,s83,s84,,,,,,,s85,s86,s87,,,,s88,,,
382,,,,,,,,,,,,,,,,,,,,s329,s330,s331,,s64,s332,s333,s67,s68,s69,s70,s44,,s72,s73,s334,s75,s76,s77,s78,s79,s80,,,,,,,,,,,,,,s81,,,s82,,,s83,s84,,,,,,,s85,s86,s87,,,,s88,,,
383,,,,,,,,,,,,,,,,,,,,s329,s330,s331,,s64,s332,s333,s67,s68,s69,s70,s44,,s72,s73,s334,s75,s76,s77,s78,s79,s80,,,,,,,,,,,,,,s81,,,s82,,,s83,s84,,,,,,,s85,s86,s87,,,,s88,,,
